,D√ÅTUM,Halottak kora
0,2021-03-30 00:00:00,"[75, 75, 70, 85, 85, 75, 90, 60, 80, 70, 85, 80, 75, 100, 70, 90, 75, 75, 60, 70, 85, 85, 95, 90, 80, 80, 90, 90, 85, 85, 75, 85, 100, 80, 80, 65, 85, 80, 75, 70, 85, 80, 90, 90, 80, 65, 80, 80, 70, 85, 70, 75, 80, 80, 85, 95, 80, 60, 85, 80, 70, 75, 90, 60, 75, 70, 75, 80, 75, 70, 80, 70, 70, 85, 75, 75, 80, 60, 75, 70, 80, 70, 85, 75, 60, 55, 80, 90, 80, 60, 85, 75, 75, 85, 65, 75, 75, 80, 85, 75, 80, 85, 75, 75, 65, 65, 80, 90, 80, 60, 80, 80, 85, 80, 75, 80, 80, 80, 70, 95, 65, 75, 70, 90, 85, 70, 90, 80, 80, 70, 50, 80, 55, 65, 90, 90, 75, 95, 70, 85, 80, 75, 85, 60, 95, 90, 70, 75, 75, 100, 65, 65, 70, 80, 80, 60, 90, 70, 80, 75, 80, 80, 60, 60, 75, 75, 80, 65, 70, 75, 85, 75, 75, 70, 35, 75, 75, 75, 80, 45, 90, 60, 75, 85, 75, 90, 70, 85, 80, 60, 55, 75, 90, 80, 70, 60, 80, 75, 70, 85, 40, 70, 65, 80, 65, 85, 75, 30, 45, 65, 80, 70, 90, 75, 65, 65, 80, 70, 30, 70, 70, 80, 95, 85, 95, 65, 75, 55, 95, 65, 70, 80, 60, 60, 85, 70, 55, 80, 65, 75, 80, 65, 60, 60, 55, 55, 85, 60, 100, 75, 65, 90, 50, 75, 75, 85, 60, 65, 80, 75, 70, 65, 95, 80, 65, 65, 85, 60, 85, 70, 90, 65, 90, 80]"
1,2021-03-29 00:00:00,"[75, 80, 70, 90, 90, 80, 90, 65, 45, 55, 90, 75, 75, 90, 75, 65, 65, 80, 85, 80, 85, 45, 75, 80, 70, 65, 45, 80, 80, 80, 65, 85, 80, 85, 70, 85, 70, 85, 85, 85, 80, 65, 70, 80, 70, 70, 65, 75, 65, 80, 65, 85, 80, 70, 85, 80, 75, 90, 60, 90, 90, 70, 80, 70, 85, 80, 75, 95, 75, 85, 75, 85, 80, 70, 80, 75, 70, 80, 70, 60, 75, 90, 65, 70, 75, 70, 45, 65, 35, 70, 85, 75, 65, 75, 50, 85, 80, 75, 70, 80, 60, 65, 65, 70, 90, 70, 75, 65, 75, 80, 95, 80, 90, 90, 45, 40, 80, 80, 65, 75, 90, 65, 75, 60, 75, 95, 85, 60, 85, 60, 60, 60, 75, 80, 70, 75, 60, 75, 55, 65, 85, 40, 75, 70, 80, 75, 70, 75, 55, 70, 55, 70, 85, 75, 75, 70, 55, 65, 65, 60, 60, 75, 75, 70, 80, 70, 55, 95, 50, 70, 55, 55, 70, 75, 65, 50, 70, 80, 80, 65, 75, 65, 75, 90, 80, 55, 55, 65, 75]"
2,2021-03-28 00:00:00,"[95, 65, 90, 75, 90, 80, 75, 75, 75, 75, 80, 95, 65, 85, 75, 95, 85, 80, 75, 45, 60, 65, 80, 55, 85, 60, 75, 70, 50, 75, 80, 95, 90, 65, 75, 90, 95, 75, 75, 95, 70, 80, 95, 80, 70, 75, 90, 90, 95, 75, 75, 80, 70, 80, 55, 85, 70, 100, 90, 70, 75, 70, 75, 90, 80, 85, 80, 85, 80, 65, 75, 50, 75, 85, 80, 80, 75, 80, 85, 95, 85, 85, 75, 85, 90, 70, 80, 75, 85, 80, 90, 85, 75, 75, 80, 70, 90, 70, 75, 80, 65, 50, 85, 75, 80, 70, 65, 70, 85, 95, 65, 100, 90, 60, 80, 35, 75, 70, 90, 35, 70, 55, 65, 80, 70, 75, 75, 90, 55, 75, 80, 55, 70, 45, 90, 75, 65, 75, 85, 85, 80, 80, 85, 75, 70, 85, 65, 65, 70, 85, 70, 85, 85, 45, 65, 75, 65, 55, 85, 70, 85, 90, 70, 70, 70, 60, 60, 90, 70, 85, 60, 75, 70, 90, 75, 85, 70, 80, 75, 85, 70, 70, 75, 75, 90, 80, 65, 40, 50, 60, 75, 65, 85, 55, 80, 70, 65, 60, 80, 75, 65, 90, 50, 80, 65, 85, 65, 95, 65, 55, 85, 75, 95, 45, 70, 60, 70, 45, 80, 80]"
3,2021-03-27 00:00:00,"[100, 90, 95, 65, 55, 65, 80, 65, 80, 80, 70, 90, 75, 80, 60, 75, 65, 45, 75, 75, 45, 75, 75, 85, 65, 70, 90, 85, 85, 90, 45, 70, 55, 85, 85, 70, 90, 70, 85, 75, 85, 60, 80, 85, 45, 75, 70, 80, 75, 85, 95, 70, 50, 60, 65, 75, 75, 60, 65, 85, 70, 85, 90, 60, 75, 70, 70, 100, 80, 90, 75, 70, 85, 75, 65, 85, 80, 90, 65, 70, 85, 70, 70, 65, 75, 90, 85, 75, 80, 70, 70, 80, 60, 70, 90, 85, 55, 85, 85, 75, 70, 75, 80, 80, 90, 55, 90, 95, 65, 85, 85, 60, 70, 80, 65, 60, 80, 65, 75, 80, 80, 75, 50, 70, 70, 85, 70, 90, 85, 60, 70, 50, 85, 70, 80, 75, 65, 85, 75, 60, 85, 95, 85, 70, 80, 65, 40, 80, 80, 70, 75, 80, 55, 80, 55, 75, 70, 75, 85, 50, 80, 50, 85, 60, 80, 75, 60, 95, 90, 75, 65, 70, 65, 65, 70, 60, 85, 75, 65, 75, 75, 55, 80, 80, 50, 70, 90, 85, 90, 50, 75, 70, 65, 60, 85, 70, 55, 85, 75, 75, 50, 70, 65, 70, 80, 65, 90, 55, 70, 75, 70, 70, 65, 75, 90, 70, 80, 50, 60, 85, 75, 80, 75, 80, 60, 75, 65, 55, 65, 70, 70, 95, 65, 65, 50, 70, 40, 65, 65, 85, 60, 80, 90, 70, 65, 65, 75, 75, 60, 90, 60, 85, 80]"
4,2021-03-26 00:00:00,"[75, 75, 70, 85, 80, 80, 85, 50, 85, 70, 70, 90, 70, 95, 70, 90, 85, 75, 65, 75, 80, 60, 75, 40, 75, 80, 80, 70, 65, 70, 80, 70, 70, 50, 80, 90, 70, 80, 80, 85, 80, 70, 80, 80, 70, 55, 65, 75, 60, 85, 80, 80, 75, 80, 95, 65, 75, 85, 75, 80, 85, 70, 70, 45, 55, 90, 75, 70, 90, 65, 75, 85, 80, 90, 90, 70, 75, 90, 80, 80, 75, 70, 70, 75, 70, 60, 85, 80, 85, 80, 85, 95, 70, 70, 85, 95, 75, 90, 85, 70, 75, 70, 80, 60, 85, 90, 85, 90, 70, 75, 65, 85, 85, 95, 80, 90, 75, 90, 65, 75, 80, 75, 65, 50, 70, 90, 95, 85, 85, 80, 75, 80, 75, 80, 75, 75, 60, 85, 80, 85, 75, 60, 70, 85, 65, 80, 70, 70, 55, 40, 65, 80, 90, 85, 95, 90, 55, 55, 65, 75, 80, 80, 55, 80, 85, 90, 90, 90, 65, 60, 70, 90, 30, 75, 80, 60, 75, 85, 75, 50, 85, 60, 85, 40, 35, 100, 75, 70, 75, 80, 85, 55, 85, 85, 95, 75, 85, 80, 55, 90, 75, 70, 65, 65, 70, 70, 75, 70, 65, 95, 55, 50, 70, 70, 70, 70, 50, 95, 80, 90, 90, 70, 55, 55, 65, 75, 70, 85, 70, 75, 70, 80, 70, 70, 75, 75, 60, 55, 70, 55, 65, 75, 65, 65, 45, 75, 55, 70, 80, 85, 80, 60, 90, 75, 70, 90, 60, 80, 85, 60, 85, 75, 50, 70, 80, 75, 80, 75, 85, 65, 95, 50, 85, 85, 70]"
5,2021-03-25 00:00:00,"[85, 75, 65, 95, 70, 85, 80, 85, 80, 95, 85, 95, 65, 85, 65, 85, 40, 85, 75, 80, 80, 65, 75, 80, 60, 80, 80, 75, 30, 80, 75, 80, 100, 85, 75, 75, 80, 90, 80, 95, 90, 85, 90, 90, 95, 95, 85, 80, 70, 90, 50, 70, 85, 65, 55, 80, 80, 90, 60, 80, 85, 85, 65, 45, 95, 65, 65, 80, 75, 85, 70, 80, 60, 80, 65, 75, 70, 70, 75, 80, 60, 80, 85, 80, 70, 85, 55, 40, 60, 35, 75, 85, 85, 80, 70, 80, 90, 75, 95, 90, 90, 85, 65, 70, 80, 80, 90, 85, 80, 85, 65, 85, 50, 70, 80, 45, 75, 60, 85, 60, 85, 90, 80, 55, 75, 95, 65, 95, 80, 75, 80, 75, 85, 75, 80, 90, 90, 70, 80, 60, 90, 45, 75, 90, 70, 70, 75, 50, 80, 75, 85, 95, 50, 80, 100, 60, 95, 80, 75, 80, 80, 75, 80, 70, 70, 80, 65, 55, 75, 70, 80, 45, 75, 85, 60, 50, 90, 80, 75, 75, 65, 70, 90, 55, 30, 75, 65, 85, 55, 55, 70, 40, 60, 45, 65, 80, 80, 70, 60, 80, 65, 80, 60, 55, 70, 65, 85, 60, 80, 65, 75, 95, 60, 85, 65, 75, 70, 50, 85, 75, 80, 70, 85, 80, 60, 70, 60, 65, 75, 70, 70, 75, 45, 80, 85, 90, 55, 70, 70, 50, 80, 65, 70, 85, 70, 70, 80, 100, 85, 80, 70, 85, 50, 75, 80, 45, 75, 80, 55, 95, 75, 80, 85, 70, 40, 90, 55, 90, 85, 90, 85, 100]"
6,2021-03-24 00:00:00,"[75, 80, 90, 80, 80, 80, 75, 80, 75, 45, 75, 70, 70, 80, 95, 70, 65, 75, 75, 70, 65, 90, 80, 65, 80, 85, 80, 55, 85, 85, 65, 90, 80, 90, 55, 80, 75, 80, 80, 75, 75, 95, 70, 80, 90, 65, 70, 95, 80, 65, 65, 85, 95, 75, 80, 80, 75, 90, 70, 90, 75, 40, 75, 85, 65, 75, 80, 70, 100, 80, 75, 60, 30, 70, 85, 90, 70, 75, 75, 75, 90, 75, 80, 75, 65, 85, 75, 95, 70, 85, 90, 80, 85, 65, 45, 75, 90, 65, 75, 75, 40, 75, 75, 70, 65, 75, 90, 70, 85, 85, 70, 85, 70, 85, 65, 75, 90, 75, 95, 80, 50, 70, 75, 75, 75, 80, 90, 90, 80, 70, 95, 55, 60, 65, 75, 80, 100, 70, 55, 65, 85, 85, 80, 80, 85, 55, 55, 85, 75, 65, 80, 65, 75, 90, 55, 90, 80, 95, 70, 65, 70, 75, 80, 80, 65, 85, 60, 70, 90, 70, 80, 80, 65, 70, 75, 80, 70, 80, 85, 65, 80, 85, 75, 85, 70, 65, 95, 60, 75, 50, 45, 80, 85, 75, 55, 75, 65, 75, 95, 50, 60, 85, 80, 75, 75, 80, 75, 90, 90, 80, 75, 55, 65, 70, 55, 100, 80, 65, 65, 70, 80, 60, 70, 60, 50, 85, 70, 95, 60, 65, 80, 55, 70, 70, 70, 80, 85, 75, 70, 85, 60, 95, 85, 70, 80, 75, 60, 95, 75]"
7,2021-03-23 00:00:00,"[80, 60, 95, 60, 80, 65, 70, 80, 80, 65, 95, 70, 50, 70, 65, 75, 85, 65, 80, 80, 70, 85, 75, 35, 70, 80, 85, 70, 75, 90, 55, 70, 90, 85, 75, 65, 75, 80, 85, 95, 70, 80, 90, 75, 80, 95, 85, 85, 80, 85, 95, 90, 60, 100, 70, 80, 85, 85, 75, 90, 90, 80, 75, 85, 70, 80, 85, 90, 70, 75, 75, 75, 60, 90, 85, 75, 80, 70, 95, 65, 90, 90, 85, 75, 80, 75, 95, 85, 75, 80, 95, 70, 80, 65, 90, 60, 95, 80, 75, 80, 65, 80, 80, 55, 80, 75, 80, 85, 50, 85, 75, 85, 70, 85, 85, 60, 70, 85, 55, 85, 70, 85, 70, 75, 90, 90, 75, 90, 75, 95, 75, 60, 85, 85, 75, 85, 75, 80, 75, 75, 90, 90, 95, 75, 80, 80, 80, 70, 40, 75, 80, 70, 85, 55, 80, 80, 70, 80, 80, 100, 85, 95, 25, 85, 50, 80, 70, 80, 80, 80, 85, 80, 95, 60, 80, 55, 70, 45, 90, 70, 70, 70, 80, 70, 50, 75, 60, 85, 50, 75, 70, 85, 70, 65, 90, 80, 55, 70, 85, 60, 70, 70, 90, 75, 30, 90, 65, 75, 90, 85, 80, 40, 55, 55, 65, 80, 90, 75, 95, 85, 85, 75, 85, 70, 80, 100, 75, 65, 60, 65, 75, 60, 70, 70, 60, 75, 75, 65, 65, 60, 75, 70, 75, 75, 85, 65, 45, 85, 45, 90, 65, 95]"
8,2021-03-22 00:00:00,"[65, 75, 90, 75, 90, 75, 90, 75, 85, 20, 95, 80, 75, 75, 80, 80, 75, 85, 75, 75, 75, 70, 55, 55, 85, 70, 85, 90, 85, 80, 75, 70, 75, 75, 85, 60, 85, 70, 60, 70, 90, 80, 90, 75, 90, 85, 85, 85, 60, 85, 80, 85, 80, 80, 55, 85, 85, 60, 75, 65, 75, 85, 95, 75, 85, 85, 80, 80, 75, 80, 90, 70, 50, 70, 90, 85, 80, 75, 70, 65, 85, 65, 65, 55, 65, 55, 70, 75, 45, 80, 65, 65, 85, 90, 40, 65, 75, 80, 90, 60, 80, 80, 65, 80, 95, 80, 55, 85, 75, 65, 60, 70, 80, 75, 80, 70, 75, 80, 75, 75, 70, 70, 90, 55, 65, 70, 65, 70, 65, 70, 75, 55, 75, 85, 85, 50, 95, 55, 80, 80, 60, 70, 75, 80, 75, 90, 85, 60, 50, 65, 75, 45, 75, 95, 65, 35, 80, 65, 80, 60, 60, 100, 70, 75, 90, 50, 85, 45, 70, 70, 55, 75, 85, 70, 85, 40, 85, 85, 55, 65, 65, 80, 70, 60, 75, 70, 75, 90, 90]"
9,2021-03-21 00:00:00,"[85, 65, 70, 80, 90, 50, 90, 60, 95, 90, 85, 80, 70, 70, 80, 85, 65, 80, 65, 55, 95, 55, 90, 100, 80, 55, 70, 90, 75, 80, 95, 80, 95, 75, 95, 95, 70, 60, 75, 75, 85, 75, 80, 75, 70, 75, 75, 80, 85, 80, 80, 85, 85, 40, 90, 80, 90, 80, 60, 85, 85, 90, 80, 85, 90, 90, 80, 85, 50, 75, 70, 90, 80, 70, 85, 65, 75, 80, 80, 75, 90, 85, 75, 65, 65, 70, 75, 75, 80, 80, 95, 90, 90, 70, 85, 65, 80, 70, 90, 90, 80, 65, 85, 75, 90, 80, 65, 75, 95, 70, 70, 65, 55, 90, 70, 85, 70, 75, 85, 65, 70, 70, 85, 85, 70, 80, 55, 80, 65, 75, 85, 70, 85, 85, 95, 55, 80, 75, 95, 85, 55, 75, 85, 75, 70, 90, 75, 80, 80, 60, 70, 60, 85, 70, 65, 85, 90, 65, 80, 85, 65, 80, 85, 65, 80, 95, 55, 85, 85, 95, 75, 35, 70, 70, 75, 70, 70, 50, 60, 65, 60, 55, 60, 60, 70, 90, 85, 85, 80, 40, 95, 65, 65, 60]"
10,2021-03-20 00:00:00,"[85, 55, 50, 90, 90, 70, 60, 95, 85, 70, 75, 85, 80, 80, 75, 70, 80, 95, 85, 65, 70, 80, 75, 80, 95, 95, 30, 90, 65, 85, 80, 80, 80, 80, 85, 80, 70, 65, 75, 80, 70, 95, 70, 80, 70, 75, 90, 80, 30, 80, 80, 80, 35, 70, 90, 80, 85, 80, 80, 80, 75, 80, 80, 80, 65, 85, 70, 90, 70, 65, 70, 70, 85, 85, 85, 80, 50, 80, 85, 80, 75, 60, 95, 75, 75, 80, 100, 55, 95, 75, 85, 45, 90, 80, 85, 80, 60, 75, 65, 70, 75, 75, 70, 80, 80, 55, 85, 75, 50, 85, 95, 85, 85, 90, 85, 75, 70, 65, 80, 80, 85, 25, 80, 65, 95, 70, 75, 65, 75, 90, 65, 80, 70, 80, 95, 40, 70, 55, 80, 80, 55, 90, 75, 70, 60, 85, 80, 90, 75, 65, 70, 75, 65, 85, 60, 60, 80, 65, 55, 65, 80, 85, 75, 70, 90, 75, 65, 75, 85, 70, 65, 80, 65, 70, 80, 75, 50, 75, 90, 55, 95, 100, 90, 55, 90, 75, 80, 45, 85, 75, 90, 75, 55, 70, 55, 85, 80, 45, 70, 85, 55, 70, 100, 75, 80, 65, 85, 60, 90, 50, 35, 75, 75, 85, 55, 60, 85, 70, 85, 55, 80, 70, 85, 75, 90, 80, 85]"
11,2021-03-19 00:00:00,"[60, 85, 75, 65, 85, 100, 85, 75, 75, 85, 70, 80, 85, 80, 70, 85, 80, 85, 90, 95, 70, 75, 80, 80, 85, 75, 65, 75, 85, 80, 80, 90, 85, 85, 70, 80, 85, 90, 80, 75, 90, 90, 90, 65, 65, 75, 90, 85, 55, 85, 100, 80, 75, 85, 95, 90, 75, 70, 70, 85, 70, 100, 75, 75, 85, 60, 65, 85, 70, 90, 85, 70, 80, 70, 80, 70, 95, 85, 70, 75, 65, 70, 70, 65, 80, 60, 75, 80, 75, 80, 50, 65, 75, 65, 65, 35, 65, 85, 65, 80, 85, 75, 65, 90, 80, 85, 70, 60, 55, 65, 60, 70, 90, 75, 90, 80, 70, 80, 45, 65, 70, 80, 70, 75, 80, 60, 75, 80, 85, 75, 65, 60, 55, 75, 60, 75, 60, 75, 55, 70, 80, 75, 80, 75, 75, 80, 60, 65, 80, 80, 50, 60, 60, 90, 75, 65, 85, 75, 80, 75, 95, 90, 75, 80, 50, 65, 85, 70, 75, 90, 70, 85, 55, 55, 70, 85, 80, 70, 75, 85, 35, 55, 100, 70, 95, 55, 90, 65, 70, 65, 65, 70, 80, 70, 70, 95, 80, 65, 60, 65, 70, 65, 60, 55, 85, 70, 80, 80, 70, 90, 85, 75, 75]"
12,2021-03-18 00:00:00,"[70, 85, 90, 75, 75, 90, 50, 80, 85, 60, 85, 50, 85, 80, 85, 85, 75, 85, 55, 80, 80, 85, 80, 80, 70, 75, 80, 80, 90, 65, 65, 65, 50, 85, 90, 55, 60, 60, 90, 45, 85, 75, 95, 85, 95, 60, 80, 75, 70, 95, 105, 80, 85, 65, 80, 75, 85, 85, 85, 90, 85, 70, 85, 75, 65, 85, 75, 40, 75, 85, 80, 65, 70, 65, 65, 90, 85, 80, 70, 75, 70, 90, 80, 80, 75, 95, 80, 35, 75, 70, 65, 75, 90, 75, 70, 60, 65, 85, 70, 85, 95, 75, 95, 90, 70, 95, 85, 60, 90, 70, 90, 70, 80, 80, 60, 90, 85, 65, 90, 80, 85, 60, 65, 65, 75, 70, 90, 75, 65, 75, 80, 85, 80, 80, 80, 85, 80, 65, 90, 100, 80, 70, 80, 65, 80, 70, 65, 80, 85, 65, 45, 70, 45, 75, 100, 65, 80, 80, 50, 55, 95, 95, 50, 55, 85, 75, 65, 65, 75, 90, 80, 60, 90, 65, 80, 70, 80, 75, 75, 75, 45, 85, 55, 75, 60, 85, 55, 60, 90, 85, 85, 75, 70, 50, 75, 70, 50, 75, 75, 65, 75, 85, 85, 70, 55, 85, 60]"
13,2021-03-17 00:00:00,"[70, 75, 80, 60, 85, 80, 80, 70, 75, 85, 95, 60, 80, 55, 80, 85, 85, 80, 90, 75, 85, 90, 55, 80, 65, 50, 75, 75, 80, 80, 70, 100, 70, 85, 60, 80, 40, 100, 80, 85, 75, 55, 70, 55, 75, 65, 80, 65, 85, 85, 90, 45, 75, 85, 55, 85, 75, 95, 80, 80, 70, 85, 85, 90, 85, 70, 80, 75, 70, 80, 75, 65, 75, 75, 85, 65, 60, 70, 90, 85, 85, 80, 75, 60, 85, 65, 100, 75, 75, 70, 85, 80, 80, 90, 80, 75, 80, 75, 85, 85, 75, 70, 55, 65, 85, 85, 50, 90, 65, 70, 80, 90, 80, 80, 85, 65, 75, 80, 75, 90, 90, 65, 90, 70, 85, 85, 65, 80, 60, 80, 85, 75, 75, 75, 75, 85, 105, 85, 55, 65, 75, 75, 85, 65, 90, 90, 70, 60, 85, 80, 70, 85, 85, 85, 75, 90, 75, 70, 85, 70, 55, 70, 55, 75, 45, 75, 55, 80, 80, 50, 80, 70, 90, 60, 65, 95, 85, 70, 70, 50, 85, 85, 65, 95, 75, 65, 65, 90, 75, 85, 80, 65, 70, 70, 95]"
14,2021-03-16 00:00:00,"[65, 70, 75, 95, 55, 80, 80, 65, 85, 65, 65, 65, 85, 90, 80, 75, 90, 100, 95, 80, 70, 75, 90, 80, 70, 75, 75, 85, 95, 55, 75, 85, 95, 75, 70, 70, 75, 85, 90, 75, 90, 65, 85, 85, 65, 65, 85, 80, 75, 85, 80, 75, 75, 65, 70, 75, 90, 65, 85, 65, 90, 65, 80, 75, 85, 65, 70, 85, 65, 85, 80, 50, 100, 55, 70, 70, 65, 80, 85, 80, 70, 65, 85, 60, 60, 90, 85, 90, 90, 75, 55, 75, 80, 75, 70, 70, 75, 80, 70, 90, 75, 75, 90, 70, 55, 90, 95, 80, 70, 90, 45, 75, 80, 60, 70, 75, 85, 85, 75, 50, 60, 85, 80, 75, 80, 85, 85, 70, 80, 85, 80, 75, 60, 55, 85, 95, 80, 85, 55, 55, 85, 80, 80]"
15,2021-03-15 00:00:00,"[75, 75, 90, 60, 65, 75, 80, 80, 90, 85, 70, 70, 90, 80, 80, 80, 55, 60, 75, 75, 70, 75, 95, 70, 70, 95, 70, 75, 85, 95, 80, 85, 70, 85, 95, 70, 65, 85, 85, 85, 80, 65, 80, 75, 85, 95, 85, 75, 85, 90, 85, 80, 55, 90, 75, 80, 70, 65, 85, 85, 65, 65, 70, 95, 55, 90, 90, 80, 55, 75, 70, 75, 75, 60, 90, 60, 70, 85, 80, 70, 100, 70, 85, 70, 70, 65, 60, 80, 80, 65, 60, 70, 95, 75, 60, 85, 65, 75, 70, 75, 75, 50, 85, 60, 70, 75, 50, 45, 75, 70, 90, 55, 85, 75, 70, 80, 90, 60, 70, 60, 80, 55, 85, 70, 70, 70, 85, 75, 45, 85, 65]"
16,2021-03-14 00:00:00,"[85, 75, 70, 80, 75, 75, 65, 75, 75, 80, 85, 85, 75, 85, 75, 90, 70, 95, 80, 75, 55, 85, 85, 75, 75, 65, 90, 75, 80, 55, 80, 90, 85, 90, 80, 35, 80, 85, 85, 80, 80, 80, 60, 90, 85, 85, 80, 80, 75, 70, 50, 85, 85, 80, 95, 85, 90, 75, 65, 30, 75, 85, 65, 60, 80, 85, 85, 65, 65, 75, 85, 90, 85, 85, 80, 55, 85, 95, 55, 75, 75, 80, 95, 90, 65, 75, 55, 80, 90, 65, 95, 60, 85, 70, 80, 75, 50, 60, 75, 70, 95, 85, 60, 75, 65, 75, 50, 80, 80, 60, 80, 70, 65, 55, 55, 75, 55, 70, 90, 80, 60, 90, 70, 85, 70, 50, 50, 75, 70, 90, 55, 85, 65, 50, 75, 65, 70, 85, 75, 90, 85, 90, 65, 80, 95, 75, 90, 45, 55, 60, 70, 80, 85, 80, 80, 65, 80, 80, 85, 85, 85, 60]"
17,2021-03-13 00:00:00,"[95, 60, 75, 80, 80, 40, 70, 85, 85, 95, 85, 80, 75, 60, 90, 85, 95, 85, 75, 90, 100, 45, 60, 85, 70, 60, 65, 85, 60, 80, 80, 70, 75, 55, 65, 80, 80, 80, 85, 55, 70, 80, 60, 70, 75, 85, 75, 90, 65, 70, 45, 75, 65, 80, 70, 85, 45, 45, 65, 70, 65, 75, 70, 65, 70, 70, 70, 75, 80, 80, 85, 35, 90, 90, 85, 65, 90, 95, 80, 85, 85, 60, 85, 75, 75, 50, 70, 75, 55, 90, 70, 70, 55, 80, 95, 70, 75, 65, 60, 90, 85, 85, 70, 65, 70, 60, 70, 95, 65, 95, 65, 85, 75, 85, 75, 70, 75, 80, 80, 55, 55, 85, 80, 80, 65, 65, 75, 65, 65, 90, 55, 70, 50, 80, 90, 95, 80, 85, 85, 65, 80, 60, 55, 70, 55, 75, 80, 55, 80, 75, 80, 75, 65, 95, 85, 85, 85, 95, 65, 95, 90, 75, 90]"
18,2021-03-12 00:00:00,"[90, 85, 85, 80, 80, 95, 70, 75, 80, 60, 85, 80, 85, 95, 70, 90, 70, 85, 75, 95, 85, 75, 65, 50, 75, 85, 65, 75, 85, 90, 80, 40, 85, 80, 60, 75, 90, 60, 95, 60, 20, 80, 70, 75, 90, 75, 70, 80, 80, 90, 50, 70, 70, 75, 80, 60, 65, 65, 70, 95, 85, 95, 70, 60, 65, 85, 55, 90, 80, 75, 60, 55, 75, 75, 45, 50, 80, 75, 65, 50, 90, 55, 85, 70, 85, 80, 70, 70, 85, 75, 65, 85, 70, 95, 85, 80, 90, 70, 80, 60, 65, 65, 60, 90, 60, 80, 75, 80, 85, 55, 45, 85, 60, 70, 95, 90, 75, 80, 65, 85, 50, 80, 80, 70, 80, 80, 85, 70, 70, 75]"
19,2021-03-11 00:00:00,"[70, 80, 70, 75, 60, 80, 70, 90, 75, 75, 75, 95, 60, 75, 80, 80, 60, 80, 75, 75, 90, 100, 75, 70, 90, 55, 95, 85, 85, 85, 85, 95, 80, 85, 45, 100, 90, 85, 75, 80, 80, 80, 85, 75, 75, 65, 80, 55, 85, 75, 70, 60, 80, 85, 90, 75, 70, 95, 80, 80, 80, 85, 95, 90, 65, 85, 75, 80, 60, 80, 70, 45, 85, 80, 80, 85, 90, 95, 55, 60, 55, 65, 75, 70, 95, 75, 65, 75, 85, 80, 85, 80, 85, 85, 55, 70, 100, 75, 65, 45, 95, 85, 80, 85, 85, 80, 90, 85, 75, 95, 65, 50, 60, 85, 60, 80, 90, 85, 80, 65, 80, 50, 85, 80, 50, 75, 80, 90, 80, 75, 65, 90, 65, 70, 70, 80, 70, 85, 80, 80, 90, 80, 70, 85, 80, 75, 80, 85, 70, 70, 45, 75, 80, 90, 80, 80, 65, 80, 75, 65, 80, 60, 50, 75, 80, 75, 80, 85, 65, 85, 75, 70]"
20,2021-03-10 00:00:00,"[50, 70, 95, 90, 100, 85, 80, 75, 90, 70, 45, 80, 95, 65, 90, 80, 85, 65, 85, 80, 80, 75, 80, 80, 65, 65, 75, 60, 85, 85, 80, 85, 60, 95, 65, 80, 65, 60, 80, 75, 85, 80, 95, 90, 65, 65, 80, 100, 65, 90, 70, 80, 75, 65, 65, 65, 35, 55, 70, 75, 90, 75, 85, 80, 70, 70, 85, 80, 75, 95, 75, 80, 80, 85, 80, 75, 85, 80, 65, 50, 60, 75, 90, 90, 80, 80, 80, 80, 55, 80, 75, 65, 85, 75, 60, 70, 85, 75, 65, 85, 55, 85, 55, 80, 90, 75, 80, 90, 55, 80, 70, 75, 70, 70, 50, 80, 90, 70, 55, 65, 75, 70, 75, 65, 50, 65, 75, 80, 65, 60, 80, 70, 60, 95, 70, 65, 85, 85, 90, 85, 80, 35, 55, 85, 80, 70, 80, 65, 85, 85, 95, 75, 95, 80, 85, 85, 40, 70, 70, 70, 55, 70, 65, 100, 95, 95, 75, 70, 85, 70, 80, 80, 50, 85, 80, 85, 80, 85, 90]"
21,2021-03-09 00:00:00,"[75, 70, 90, 80, 75, 65, 90, 90, 45, 45, 85, 55, 65, 55, 95, 75, 85, 90, 70, 90, 80, 75, 90, 100, 95, 80, 80, 80, 55, 90, 90, 85, 70, 90, 90, 60, 95, 85, 75, 65, 90, 60, 90, 85, 75, 70, 95, 80, 80, 65, 85, 40, 75, 75, 80, 85, 65, 70, 75, 85, 85, 90, 65, 80, 55, 70, 90, 90, 70, 75, 55, 70, 75, 60, 70, 55, 75, 75, 75, 80, 75, 75, 85, 95, 60, 95, 90, 85, 70, 90, 85, 75, 75, 75, 70, 85, 80, 70, 85, 80, 85, 75, 85, 55, 70, 55, 75, 100, 70, 65, 55, 70, 90, 70, 55, 70, 80, 55, 65, 60, 85, 85, 70, 65, 80, 80, 80, 80, 70, 75, 95, 85, 90, 50, 65, 85, 60, 45, 65, 75, 90, 90, 55, 55, 75, 65, 95, 75, 80, 85, 80, 90, 50, 85, 75, 90, 75, 30]"
22,2021-03-08 00:00:00,"[50, 65, 85, 75, 90, 75, 65, 85, 90, 85, 75, 70, 85, 80, 80, 80, 60, 80, 60, 95, 75, 80, 95, 70, 95, 75, 70, 90, 50, 70, 80, 75, 65, 75, 75, 100, 65, 70, 65, 95, 75, 65, 70, 90, 85, 75, 55, 65, 95, 85, 75, 80, 90, 90, 60, 80, 70, 95, 65, 75, 70, 80, 70, 70, 55, 90, 80, 60, 60, 95, 75, 75, 85, 75, 80, 70, 45, 85, 50, 70, 70, 85, 55, 85, 80, 75, 60, 80, 90, 45, 70, 85, 80, 75, 40, 95, 65, 70, 90, 70, 70, 75, 90, 75, 90, 70, 90, 85, 95, 80, 80, 75, 75, 85, 90]"
23,2021-03-07 00:00:00,"[75, 55, 90, 80, 60, 95, 80, 75, 75, 65, 85, 75, 90, 85, 90, 80, 65, 70, 85, 75, 70, 85, 95, 85, 70, 70, 80, 85, 85, 85, 80, 90, 95, 70, 80, 80, 95, 80, 85, 70, 70, 75, 100, 70, 70, 80, 65, 90, 70, 80, 75, 70, 70, 50, 85, 90, 75, 80, 60, 50, 85, 95, 80, 85, 70, 95, 70, 80, 70, 80, 95, 55, 80, 65, 45, 60, 85, 65, 70, 85, 80, 95, 65, 65, 90, 70, 85, 55, 70, 80, 65, 70, 75, 60, 85, 75, 90, 85, 75, 85, 85, 75, 75, 90, 80, 65, 65, 85]"
24,2021-03-06 00:00:00,"[100, 65, 90, 85, 80, 65, 90, 50, 80, 45, 80, 80, 90, 70, 85, 75, 85, 95, 90, 75, 70, 65, 80, 75, 80, 75, 85, 90, 45, 85, 80, 60, 80, 90, 60, 70, 55, 55, 95, 80, 70, 55, 85, 80, 75, 65, 70, 75, 75, 75, 75, 85, 85, 65, 85, 100, 85, 100, 85, 95, 75, 90, 75, 70, 80, 60, 90, 85, 90, 75, 80, 90, 80, 55, 80, 75, 70, 75, 90, 80, 80, 85, 80, 75, 50, 55, 80, 80, 70, 95, 75, 75, 80, 65, 75, 70, 80, 65, 90, 95, 55, 80, 95, 50, 65, 65, 60, 65, 60, 70, 70, 75, 65, 75, 85, 90, 45, 70, 60, 85, 80, 85, 80, 75, 80, 65, 65, 85, 80, 75, 70, 85, 70, 85, 90, 85, 65, 65, 90, 70, 65, 80, 70, 80, 90, 65]"
25,2021-03-05 00:00:00,"[85, 85, 65, 65, 90, 85, 85, 95, 85, 70, 85, 90, 75, 70, 70, 75, 95, 70, 85, 75, 85, 55, 100, 70, 65, 85, 70, 80, 30, 85, 80, 80, 90, 95, 85, 80, 65, 80, 65, 65, 95, 90, 80, 95, 80, 60, 90, 80, 80, 80, 55, 65, 90, 65, 80, 75, 75, 75, 75, 70, 85, 75, 55, 75, 70, 85, 65, 85, 80, 80, 70, 65, 70, 75, 70, 75, 90, 60, 80, 85, 50, 80, 75, 75, 90, 75, 65, 65, 75, 70, 90, 80, 80, 70, 85, 70, 60, 70, 85, 80, 75, 85, 55, 85, 80, 85, 75, 80, 65, 85, 80, 60, 95, 95, 85, 65, 90, 90, 90, 80, 75, 85, 85, 85, 65, 75, 85, 80, 80, 65, 85, 85, 75, 75, 65, 90, 90, 95, 85, 70, 60, 90, 60]"
26,2021-03-04 00:00:00,"[70, 75, 70, 100, 85, 65, 75, 75, 80, 85, 65, 85, 85, 75, 85, 95, 70, 90, 75, 85, 95, 90, 55, 90, 80, 80, 70, 80, 95, 95, 75, 60, 75, 65, 80, 80, 65, 80, 80, 85, 65, 70, 75, 85, 70, 60, 85, 60, 80, 60, 75, 85, 65, 70, 45, 85, 85, 85, 85, 40, 95, 60, 55, 75, 75, 80, 85, 95, 55, 80, 75, 75, 75, 45, 75, 55, 50, 80, 75, 55, 75, 90, 80, 65, 70, 75, 90, 50, 65, 80, 80, 65, 65, 85, 80, 95, 95, 85, 55, 70, 95, 90, 65, 90, 75, 80, 75, 70, 65, 75, 70, 60, 55, 70, 70, 80, 80, 70, 75, 90, 95, 75, 65, 60, 90, 65, 70, 90, 70, 80, 85, 75, 85, 90, 80, 80, 70, 95, 75, 90, 60, 85, 90, 90, 75, 75, 95, 80, 65, 60, 75, 60]"
27,2021-03-03 00:00:00,"[60, 90, 70, 65, 90, 55, 95, 75, 60, 75, 80, 75, 75, 80, 50, 70, 80, 70, 70, 80, 85, 55, 95, 90, 90, 75, 85, 70, 90, 85, 80, 60, 80, 80, 70, 65, 60, 85, 55, 55, 95, 85, 70, 75, 75, 60, 95, 85, 95, 85, 80, 60, 80, 95, 95, 65, 85, 90, 100, 80, 75, 90, 85, 65, 75, 85, 80, 80, 75, 85, 70, 90, 65, 70, 85, 70, 85, 70, 95, 45, 70, 65, 95, 45, 80, 65, 80, 85, 65, 90, 70, 80, 50, 80, 80, 75, 95, 90, 65, 65, 65, 70, 90, 70, 90, 60, 75, 90, 70, 75, 100, 95, 80, 85, 65, 75, 75, 65, 85, 50, 80, 95, 75, 80, 85, 70, 80, 85, 80, 75, 95, 100, 60, 75, 95, 85]"
28,2021-03-02 00:00:00,"[80, 60, 75, 95, 80, 55, 70, 75, 70, 85, 70, 80, 75, 40, 85, 75, 80, 85, 65, 90, 80, 35, 80, 85, 80, 70, 70, 95, 85, 70, 70, 85, 85, 95, 60, 70, 80, 70, 95, 90, 60, 75, 55, 95, 85, 85, 85, 65, 50, 90, 75, 70, 85, 80, 85, 85, 75, 95, 95, 45, 80, 80, 75, 95, 90, 65, 80, 90, 55, 85, 85, 70, 95, 70, 65, 95, 75, 75, 20, 30, 80, 70, 55, 85, 80, 95, 75, 60, 90, 70, 70, 65, 85, 75, 100, 70, 75, 70, 85, 85, 80, 90, 75, 75, 80, 70, 80, 80, 85, 80, 90, 90, 85, 95, 90, 75, 95, 75, 75, 80, 70, 75, 85, 90, 75, 85, 80, 90, 70, 80]"
29,2021-03-01 00:00:00,"[80, 90, 70, 75, 65, 65, 85, 70, 75, 45, 80, 75, 85, 80, 75, 75, 95, 70, 70, 70, 85, 65, 85, 70, 70, 65, 100, 90, 55, 85, 85, 80, 70, 80, 85, 65, 65, 65, 90, 65, 50, 65, 70, 60, 45, 75, 50, 90, 75, 80, 75, 85, 90, 80, 90, 85, 95, 80, 60, 75, 70, 65, 85, 70, 85, 90, 70, 70, 50, 80, 90, 70, 85, 65, 75, 75, 85, 85, 85, 80, 65, 50, 80, 85]"
30,2021-02-28 00:00:00,"[80, 80, 65, 65, 85, 80, 95, 85, 70, 75, 80, 70, 90, 90, 80, 80, 90, 75, 100, 85, 90, 95, 70, 85, 75, 90, 90, 75, 85, 80, 75, 75, 90, 70, 85, 90, 75, 75, 70, 50, 80, 85, 85, 75, 75, 70, 75, 75, 85, 85, 100, 85, 75, 75, 90, 90, 75, 95, 75, 80, 85, 65, 70, 75, 80, 85, 85, 80, 90, 80, 80, 85]"
31,2021-02-27 00:00:00,"[80, 60, 75, 90, 65, 75, 95, 65, 90, 90, 85, 85, 85, 90, 85, 90, 90, 75, 65, 75, 80, 65, 70, 95, 85, 75, 95, 80, 90, 90, 85, 90, 85, 90, 70, 85, 75, 85, 80, 85, 50, 75, 70, 95, 95, 85, 75, 55, 70, 85, 60, 60, 80, 75, 85, 80, 80, 80, 55, 75, 70, 75, 75, 90, 65, 45, 70, 80, 60, 75, 75, 85, 75, 60, 100, 80, 65, 80, 80, 85, 85, 85, 65, 100, 70, 70, 85, 60, 90, 65, 75, 75, 65, 85, 90, 90, 90, 80, 95, 90, 90, 80, 85, 95, 95, 100, 85]"
32,2021-02-26 00:00:00,"[90, 65, 65, 90, 80, 90, 85, 70, 65, 80, 80, 85, 80, 70, 90, 75, 60, 75, 75, 80, 90, 80, 80, 85, 40, 80, 95, 80, 85, 85, 80, 95, 80, 90, 90, 85, 75, 95, 95, 100, 85, 45, 80, 80, 85, 85, 85, 85, 75, 55, 85, 90, 75, 80, 70, 90, 85, 70, 80, 85, 75, 90, 95, 100, 95, 65, 75, 75, 75, 80, 85, 70, 85, 90, 90, 65, 95, 85, 90, 100, 100, 75, 70, 55, 55, 90, 65, 85, 95, 70, 55, 70, 80, 75, 80, 80, 75, 70, 90, 75, 80, 80, 90, 90, 80, 90, 80, 90, 90, 85, 65, 85, 85, 85, 95, 65, 60, 85, 55, 90, 80, 90, 85]"
33,2021-02-25 00:00:00,"[85, 95, 70, 75, 80, 60, 70, 80, 65, 90, 70, 85, 75, 80, 75, 90, 55, 90, 65, 70, 85, 85, 85, 70, 70, 60, 85, 85, 70, 55, 65, 70, 80, 75, 75, 90, 80, 90, 55, 55, 70, 95, 90, 70, 100, 90, 85, 60, 65, 75, 75, 55, 75, 90, 95, 85, 90, 75, 85, 100, 90, 75, 85, 95, 65, 85, 80, 85, 90, 85, 65, 75, 85, 60, 70, 60, 65, 85, 70, 70, 60, 90, 75, 90, 75, 80, 85, 80, 80, 75, 85, 60, 95, 80, 85, 80, 70, 90, 75, 85, 65, 75, 90, 70, 95, 65, 90, 90, 75, 70, 95, 80, 95, 70, 75, 80, 75, 80, 75, 70]"
34,2021-02-24 00:00:00,"[80, 65, 90, 70, 75, 90, 95, 70, 80, 95, 70, 90, 80, 90, 95, 85, 80, 80, 65, 70, 75, 80, 80, 85, 80, 75, 65, 75, 85, 85, 90, 95, 70, 70, 75, 90, 90, 75, 80, 65, 85, 60, 80, 70, 80, 80, 60, 75, 90, 75, 75, 75, 70, 90, 95, 95, 75, 85, 95, 70, 75, 85, 80, 80, 55, 85, 80, 65, 85, 45, 70, 30, 70, 60, 80, 65, 90, 80, 70, 85, 80, 60, 80, 60, 55, 80, 95, 75, 90, 75, 90, 75, 95, 95, 80, 80, 65, 65, 85, 95, 85, 80]"
35,2021-02-23 00:00:00,"[55, 80, 70, 75, 55, 85, 80, 85, 80, 90, 75, 85, 70, 85, 80, 75, 70, 85, 60, 80, 85, 80, 75, 65, 90, 75, 70, 75, 85, 90, 75, 85, 65, 90, 95, 95, 90, 60, 85, 90, 85, 80, 75, 85, 75, 85, 90, 85, 80, 80, 80, 65, 65, 70, 70, 90, 70, 80, 65, 85, 60, 85, 80, 55, 80, 80, 75, 75, 85, 75, 85, 90, 85, 75, 75, 55, 85, 55, 85, 80, 90, 85, 70, 85, 55, 70, 80, 60, 65, 50, 80, 60, 95, 85, 75, 85, 80, 80, 90, 95, 90, 80, 70]"
36,2021-02-22 00:00:00,"[85, 80, 65, 90, 85, 95, 95, 80, 90, 70, 75, 95, 100, 65, 70, 85, 90, 85, 75, 80, 80, 95, 95, 90, 70, 85, 85, 80, 80, 55, 85, 80, 75, 70, 85, 80, 100, 85, 90, 95, 75, 95, 85, 50, 85, 95, 70, 90]"
37,2021-02-21 00:00:00,"[75, 95, 95, 85, 85, 70, 80, 85, 75, 80, 80, 70, 90, 70, 90, 85, 85, 75, 85, 80, 90, 90, 65, 75, 90, 75, 70, 85, 85, 55, 90, 70, 70, 80, 75, 90, 75, 70, 65, 85, 95, 75, 65, 70, 60, 95, 90]"
38,2021-02-20 00:00:00,"[60, 90, 65, 80, 70, 95, 75, 80, 70, 85, 80, 75, 90, 75, 75, 85, 85, 85, 70, 75, 75, 60, 65, 85, 60, 80, 95, 95, 70, 85, 85, 90, 90, 75, 80, 85, 80, 75, 70, 80, 60, 65, 75, 85, 70, 65, 95, 75, 90, 80, 70, 85, 55, 90, 45, 80, 50, 95, 80, 80, 90, 85, 60, 75, 75, 85, 85, 65, 85, 80, 75, 85, 80, 65, 75, 80, 65, 75, 85, 90, 90, 65, 75, 75, 70, 70, 75, 55, 65, 80, 90, 80, 45, 80, 70, 70, 75, 40, 90, 75, 85, 90, 70, 75, 80, 85, 90]"
39,2021-02-19 00:00:00,"[70, 85, 85, 70, 85, 85, 90, 75, 75, 70, 90, 90, 70, 70, 90, 85, 80, 80, 75, 80, 75, 95, 75, 90, 85, 70, 75, 70, 90, 80, 85, 80, 85, 80, 70, 80, 80, 50, 75, 70, 70, 70, 60, 75, 70, 90, 95, 90, 75, 80, 75, 85, 75, 80, 80, 85, 85, 80, 85, 90, 75, 75, 70, 90, 80, 85, 70, 70, 70, 85, 90, 95, 70, 80, 80, 70, 65, 80, 90, 60, 90, 85, 90, 70, 65, 70, 95, 80, 80, 80, 90, 70, 70, 60, 70, 70, 65, 60, 45, 95, 55, 55, 75, 65, 80, 75, 75, 80, 70, 85]"
40,2021-02-18 00:00:00,"[95, 85, 65, 80, 90, 70, 80, 85, 55, 60, 85, 60, 90, 65, 85, 75, 80, 85, 85, 75, 70, 90, 70, 70, 75, 95, 85, 90, 75, 90, 65, 70, 80, 80, 85, 75, 90, 85, 80, 80, 75, 85, 55, 90, 85, 65, 75, 100, 75, 90, 95, 90, 90, 75, 75, 80, 60, 75, 80, 80, 90, 80, 95, 85, 85, 75, 65, 85, 90, 75, 80, 80, 65, 95, 85, 75, 55, 85, 80, 90, 70, 90, 90, 80, 65, 75, 85, 85, 75, 85, 95, 80, 85, 95, 80, 70, 70, 75, 90, 80, 55, 90, 75, 85]"
41,2021-02-17 00:00:00,"[70, 90, 75, 75, 80, 80, 75, 100, 90, 80, 65, 70, 85, 85, 30, 90, 90, 75, 75, 75, 85, 95, 80, 70, 85, 85, 70, 85, 95, 70, 70, 95, 65, 85, 70, 85, 65, 55, 85, 85, 80, 60, 75, 85, 55, 40, 65, 70, 70, 90, 70, 80, 85, 85, 75, 85, 70, 75, 80, 85, 75, 95, 70, 85, 55, 85, 95, 75, 85, 65, 80, 85, 80, 80, 65, 90, 90, 70, 95, 90, 80, 75, 85, 75, 80, 65, 85, 90, 95, 45, 55, 80, 90, 65]"
42,2021-02-16 00:00:00,"[60, 85, 85, 85, 90, 80, 85, 90, 100, 80, 95, 70, 80, 40, 90, 65, 80, 95, 75, 90, 80, 90, 95, 95, 65, 85, 45, 85, 85, 85, 90, 45, 80, 85, 95, 100, 85, 95, 75, 85, 70, 75, 75, 95, 65, 90, 90, 90, 80, 80, 60, 90, 80, 80, 85, 80, 90, 95, 70, 55, 90, 80, 65, 85, 90, 100, 85, 90, 80, 75, 80, 90, 70, 85, 80, 75, 90, 85, 85, 90, 80, 85, 90, 90, 95]"
43,2021-02-15 00:00:00,"[80, 85, 85, 85, 95, 65, 75, 80, 65, 75, 90, 75, 60, 85, 85, 90, 85, 80, 70, 90, 75, 90, 85, 85, 95, 75, 75, 80, 90, 70, 90, 80, 105, 85, 65, 70, 90, 75, 50, 80, 70, 70, 55, 80, 75, 60]"
44,2021-02-14 00:00:00,"[85, 75, 90, 80, 95, 85, 75, 85, 90, 90, 45, 75, 90, 85, 70, 85, 80, 90, 85, 65, 70, 80, 55, 80, 65, 40, 85, 50, 85, 65, 40, 75, 70, 75, 60, 70, 75, 75, 90, 65, 75, 65, 65, 70, 55, 70, 80, 90, 95, 90, 90, 55, 85, 90, 80, 65, 90, 50, 70, 50, 75, 75, 75, 90, 90, 50, 85, 80, 50, 55]"
45,2021-02-13 00:00:00,"[85, 85, 80, 70, 75, 70, 90, 80, 85, 90, 80, 75, 90, 80, 75, 60, 80, 75, 80, 70, 85, 65, 80, 70, 95, 85, 100, 75, 90, 85, 85, 100, 75, 85, 75, 70, 90, 80, 80, 90, 70, 65, 80, 85, 90, 80, 80, 75, 95, 80, 65, 90, 75, 55, 75, 70, 70, 95, 80, 60, 80, 70, 90, 75, 70, 50, 65, 85, 80, 90, 75, 65, 75, 85, 90, 60, 70, 90, 80, 75, 75, 75, 75, 70, 85, 90, 80, 65, 85, 75, 85, 80, 80]"
46,2021-02-12 00:00:00,"[80, 90, 75, 95, 70, 90, 80, 85, 70, 100, 90, 45, 90, 75, 85, 75, 65, 85, 80, 80, 90, 85, 70, 30, 80, 25, 80, 80, 85, 95, 90, 75, 50, 75, 75, 70, 85, 90, 65, 75, 60, 90, 80, 90, 80, 65, 40, 70, 85, 90, 75, 85, 55, 80, 90, 85, 70, 80, 70, 90, 85, 55, 70, 90, 70, 75, 100, 85, 95, 85, 90, 70, 75, 85, 55, 95, 70, 85, 75, 70, 85, 85, 40, 85, 70, 85, 55, 60, 85, 60, 60, 70, 85, 60, 75, 85, 75, 65, 85]"
47,2021-02-11 00:00:00,"[75, 90, 70, 80, 80, 70, 85, 80, 80, 80, 90, 80, 95, 90, 85, 60, 60, 70, 80, 85, 90, 80, 75, 80, 80, 90, 75, 40, 90, 75, 85, 75, 65, 80, 90, 50, 85, 80, 70, 85, 75, 85, 75, 70, 80, 70, 95, 90, 75, 70, 80, 85, 45, 80, 70, 80, 85, 95, 85, 80, 75, 75, 90, 75, 80, 70, 80, 70, 95, 60, 95, 80, 65, 90, 85, 75, 75, 85, 75, 65, 70, 80, 75, 70, 65, 85, 70, 75, 85, 70, 85, 85, 90, 85, 100, 70, 70]"
48,2021-02-10 00:00:00,"[50, 90, 70, 85, 70, 95, 70, 75, 70, 65, 80, 70, 65, 90, 60, 75, 90, 85, 80, 65, 90, 55, 80, 85, 85, 95, 75, 75, 95, 80, 90, 95, 70, 70, 55, 70, 75, 80, 75, 90, 65, 80, 70, 80, 70, 90, 85, 65, 60, 55, 80, 60, 65, 85, 85, 80, 65, 75, 80, 75, 100, 90, 65, 65, 85, 90, 70, 80, 75, 90, 95, 90, 80, 70, 80, 85, 80, 70, 80, 90, 90, 75, 70, 75, 85, 90, 65, 55, 80, 85, 95, 85, 90, 90, 85, 65, 85, 75]"
49,2021-02-09 00:00:00,"[85, 65, 80, 65, 90, 80, 95, 85, 95, 85, 85, 80, 90, 65, 80, 90, 90, 75, 90, 85, 70, 90, 80, 70, 80, 90, 65, 70, 65, 95, 85, 60, 75, 55, 85, 65, 85, 70, 75, 65, 70, 90, 80, 75, 80, 85, 95, 80, 95, 70, 65, 85, 85, 95, 65, 95, 90, 80, 85, 85, 75, 85, 75, 85, 95, 65, 70, 95, 90, 75, 75, 80, 75, 70, 80, 85, 90, 65, 85, 90, 85, 90, 90, 90, 85, 85, 80, 80, 90, 85, 75, 85, 70, 95]"
50,2021-02-08 00:00:00,"[90, 90, 80, 85, 85, 95, 70, 90, 90, 90, 70, 85, 75, 85, 70, 80, 80, 75, 95, 90, 85, 90, 70, 95, 80, 90, 80, 75, 85, 85, 65, 65, 70, 95, 65, 85, 85, 75, 55, 60, 65, 90, 85, 85, 80, 80, 70, 95, 90, 80, 45, 65, 80, 75, 85, 90, 65, 70, 65, 70, 90, 90, 90, 80, 95]"
51,2021-02-07 00:00:00,"[100, 80, 90, 80, 70, 85, 85, 75, 80, 90, 75, 90, 65, 85, 75, 75, 85, 85, 70, 70, 90, 85, 60, 95, 95, 65, 40, 75, 65, 90, 90, 90, 45, 80, 95, 80, 90, 85, 70, 85, 80, 70, 65, 85, 90, 55, 80, 65, 75, 75, 80, 90, 80, 80, 80, 90, 95, 80, 75, 95, 75, 80, 85, 95]"
52,2021-02-06 00:00:00,"[95, 75, 75, 55, 85, 65, 90, 85, 80, 90, 80, 80, 60, 90, 80, 85, 85, 85, 90, 80, 85, 85, 75, 65, 95, 85, 95, 90, 85, 85, 90, 85, 85, 70, 75, 75, 95, 85, 60, 85, 75, 85, 90, 70, 65, 65, 90, 85, 80, 80, 80, 95, 65, 80, 60, 80, 75, 90, 70, 85, 100, 65, 70, 75, 80, 85, 85, 95, 65, 90, 90, 85, 90, 70, 70, 65, 85, 85, 80, 80, 60, 90, 90, 80, 45, 70, 80, 90, 90, 85, 95, 90, 85, 90, 60, 95]"
53,2021-02-05 00:00:00,"[85, 75, 85, 95, 90, 70, 80, 75, 95, 80, 75, 85, 65, 65, 80, 85, 80, 65, 80, 70, 95, 60, 75, 85, 55, 90, 90, 85, 90, 65, 90, 95, 85, 60, 75, 90, 80, 65, 70, 55, 85, 95, 85, 95, 80, 80, 70, 70, 70, 85, 85, 85, 50, 90, 80, 70, 65, 55, 80, 70, 85, 100, 70, 70, 85, 90, 65, 65, 80, 70, 70, 65, 85, 80, 80, 90, 65, 75, 85, 70, 90, 60, 75, 85, 70, 30, 50, 40, 90, 80, 90, 100, 60, 90, 80, 80, 80, 90]"
54,2021-02-04 00:00:00,"[90, 70, 90, 85, 90, 80, 80, 95, 70, 80, 80, 85, 75, 85, 75, 80, 65, 85, 80, 80, 90, 70, 90, 75, 70, 75, 90, 60, 90, 85, 90, 60, 80, 85, 55, 80, 85, 80, 90, 90, 90, 70, 85, 80, 70, 75, 55, 80, 70, 85, 80, 95, 90, 80, 85, 85, 80, 70, 90, 90, 65, 90, 85, 75, 80, 90, 85, 70, 75, 90, 75, 80, 80, 90, 90, 90, 70, 90, 75, 85, 55, 85, 55, 90, 60, 100, 85, 70, 70, 75, 75, 80, 80]"
55,2021-02-03 00:00:00,"[80, 85, 70, 85, 90, 80, 90, 60, 90, 70, 75, 60, 80, 80, 75, 80, 90, 85, 90, 90, 80, 65, 95, 85, 85, 65, 50, 95, 85, 85, 75, 40, 85, 65, 85, 65, 90, 95, 90, 85, 65, 85, 60, 70, 90, 85, 80, 75, 90, 80, 75, 85, 75, 95, 80, 85, 65, 75, 80, 70, 70, 60, 85, 80, 65, 65, 60, 85, 75, 70, 75, 85, 80, 85, 80, 75, 80, 65, 80, 85, 75, 70, 40]"
56,2021-02-02 00:00:00,"[50, 90, 80, 95, 80, 70, 75, 80, 85, 70, 80, 90, 75, 80, 70, 90, 70, 95, 65, 85, 85, 75, 70, 70, 100, 80, 65, 85, 75, 80, 85, 85, 90, 95, 60, 85, 80, 65, 85, 65, 65, 85, 95, 70, 85, 90, 90, 80, 40, 80, 80, 55, 65, 80, 95, 70, 75, 45, 90, 70, 75, 60, 80, 85, 75, 75, 95, 95, 40, 80, 80, 85, 90, 70, 75, 75, 60, 70]"
57,2021-02-01 00:00:00,"[80, 65, 75, 75, 70, 90, 65, 95, 80, 85, 85, 60, 65, 65, 100, 85, 80, 70, 70, 70, 75, 85, 80, 90, 65, 55, 95, 75, 75, 95, 65, 80, 60, 85, 80, 80, 85, 80, 80, 75, 75, 70, 70, 70, 70, 50, 85, 75, 80, 90, 80, 75, 95, 75]"
58,2021-01-31 00:00:00,"[100, 85, 60, 90, 55, 95, 65, 80, 75, 85, 85, 90, 75, 65, 75, 75, 80, 75, 80, 80, 90, 65, 70, 55, 70, 80, 95, 90, 95, 85, 85, 85, 85, 75, 80, 100, 85, 95, 55, 90, 80, 75, 85, 75, 75, 95, 85, 90, 90, 90, 60, 65, 85, 75, 90, 75, 60, 75, 45, 90, 80]"
59,2021-01-30 00:00:00,"[90, 80, 70, 90, 90, 90, 70, 80, 85, 75, 75, 70, 95, 90, 85, 85, 90, 85, 100, 80, 85, 85, 50, 90, 80, 85, 90, 75, 85, 80, 70, 90, 80, 85, 90, 85, 80, 75, 85, 90, 95, 85, 75, 95, 85, 85, 80, 65, 55, 85, 95, 65, 75, 80, 90, 90, 75, 90, 95, 65, 80, 85, 80, 75, 70, 90, 75, 70, 85, 80, 65, 90, 65, 80, 85, 95, 80, 90, 95, 70, 75, 80, 85, 65, 85, 75, 80, 70, 90]"
60,2021-01-29 00:00:00,"[85, 70, 70, 75, 80, 85, 45, 90, 80, 95, 85, 95, 90, 75, 65, 85, 85, 65, 65, 80, 90, 80, 90, 80, 80, 90, 80, 85, 90, 85, 95, 85, 85, 75, 80, 50, 80, 95, 70, 70, 105, 80, 65, 65, 90, 65, 70, 80, 80, 65, 65, 90, 90, 85, 90, 75, 65, 95, 85, 85, 75, 70, 70, 75, 80, 70, 80, 70, 80, 75, 80, 90, 95, 75, 75, 55, 85, 85, 95, 85, 95, 85, 80]"
61,2021-01-28 00:00:00,"[65, 80, 80, 75, 100, 65, 90, 35, 70, 85, 70, 80, 75, 75, 85, 75, 80, 85, 70, 75, 90, 85, 90, 90, 40, 75, 90, 90, 90, 80, 85, 75, 85, 35, 95, 95, 90, 70, 90, 90, 90, 90, 70, 75, 85, 85, 75, 75, 65, 80, 90, 75, 100, 70, 85, 65, 75, 90, 80, 85, 70, 75, 80, 80, 85, 85, 85, 95, 70, 85, 95, 70, 70, 95, 60, 90, 80, 90, 100, 100, 85, 90, 75, 85, 55, 45, 75, 85, 85, 60, 75, 85, 65]"
62,2021-01-27 00:00:00,"[60, 80, 75, 65, 80, 80, 95, 65, 75, 70, 95, 85, 75, 70, 80, 90, 75, 65, 80, 75, 85, 95, 70, 85, 80, 90, 80, 85, 70, 65, 75, 85, 75, 55, 65, 85, 60, 95, 80, 70, 90, 75, 70, 75, 50, 55, 95, 80, 60, 90, 80, 90, 65, 90, 90, 85, 80, 80, 85, 80, 80, 75, 85, 95, 100, 85, 75, 75, 60, 75, 70, 80, 80, 95, 85, 95, 80, 90, 70, 70, 75, 85, 95, 35, 65]"
63,2021-01-26 00:00:00,"[70, 90, 75, 60, 85, 60, 70, 85, 90, 75, 85, 90, 65, 70, 95, 100, 75, 80, 70, 90, 95, 75, 95, 90, 80, 80, 75, 65, 75, 85, 50, 90, 70, 90, 85, 80, 65, 90, 80, 75, 75, 70, 85, 80, 65, 80, 70, 90, 90, 80, 70, 75, 70, 95, 85, 90, 75, 65, 95, 95, 85, 80, 75, 80, 80, 90, 85, 80, 80, 100, 100, 75, 65, 90, 80, 55, 55, 85, 75, 90, 65, 75, 75, 95, 85, 60, 85, 90, 55]"
64,2021-01-25 00:00:00,"[75, 65, 95, 75, 90, 90, 80, 85, 85, 85, 85, 65, 60, 65, 55, 80, 85, 65, 85, 85, 50, 75, 80, 75, 70, 75, 95, 90, 90, 80, 80, 100, 85, 75, 65, 65, 85, 65, 85, 90, 95, 90, 85, 80, 75, 90, 90, 85, 65, 90, 80, 90, 80, 85, 75, 65]"
65,2021-01-24 00:00:00,"[90, 70, 80, 65, 80, 65, 75, 90, 90, 75, 80, 80, 85, 75, 80, 95, 75, 40, 80, 90, 65, 55, 80, 80, 65, 85, 85, 65, 85, 85, 95, 70, 70, 70, 90, 75, 65, 85, 65, 55, 100, 70, 80, 90, 65, 80, 65, 70, 85, 80, 80, 70, 40, 75, 90, 80, 55, 70, 90, 70, 80, 65, 95, 70]"
66,2021-01-23 00:00:00,"[65, 85, 80, 70, 70, 70, 80, 60, 85, 70, 65, 70, 95, 75, 75, 55, 70, 100, 70, 90, 80, 70, 80, 60, 85, 75, 60, 90, 60, 95, 95, 90, 70, 90, 85, 55, 85, 75, 75, 70, 75, 95, 45, 75, 80, 80, 85, 65, 80, 70, 75, 85, 90, 55, 70, 70, 75, 90, 75, 60, 90, 80, 70, 65, 60, 80, 90, 70, 80, 95, 55, 80, 85, 80, 80, 85, 90, 80, 70, 95, 60, 85, 95, 90, 95, 90, 55, 95, 70, 80, 70, 90, 70]"
67,2021-01-22 00:00:00,"[65, 65, 95, 80, 95, 90, 70, 80, 80, 80, 70, 60, 95, 70, 85, 70, 100, 90, 60, 70, 90, 55, 65, 80, 75, 90, 90, 90, 60, 80, 70, 90, 70, 80, 95, 80, 65, 75, 90, 80, 70, 95, 70, 60, 95, 75, 85, 95, 75, 80, 85, 85, 90, 90, 80, 70, 70, 85, 55, 85, 75, 80, 85, 80, 90, 75, 85, 80, 90, 80, 85, 65, 90, 90, 75, 90, 70, 80, 95, 60, 85, 75, 85, 80, 85, 95, 70, 85, 80, 80, 100, 85, 70, 90, 75, 80, 60, 80]"
68,2021-01-21 00:00:00,"[95, 65, 65, 75, 85, 55, 75, 85, 70, 75, 75, 80, 85, 85, 90, 80, 80, 75, 90, 55, 95, 70, 65, 75, 85, 100, 95, 90, 80, 85, 95, 55, 65, 90, 60, 75, 85, 65, 70, 85, 70, 75, 40, 80, 90, 75, 75, 95, 70, 80, 80, 90, 80, 75, 90, 70, 95, 75, 70, 75, 75, 80, 90, 90, 75, 85, 60, 70, 90, 80, 60, 75, 90, 70, 50, 80, 80, 90, 90, 80, 95, 75, 85, 70, 85, 60, 85, 85, 60, 65, 55, 75, 65, 95, 75, 65, 85, 70]"
69,2021-01-20 00:00:00,"[75, 50, 85, 85, 75, 80, 85, 95, 80, 75, 80, 80, 90, 75, 85, 90, 80, 75, 70, 85, 80, 65, 85, 70, 45, 85, 55, 85, 85, 75, 55, 45, 80, 55, 90, 85, 85, 75, 70, 70, 75, 90, 80, 80, 80, 90, 80, 95, 85, 70, 95, 95, 100, 65, 75, 80, 85, 95, 75, 80, 70, 75, 70, 60, 80, 85, 90, 60, 75, 70, 95, 70, 75, 80, 75, 70, 65, 85, 85, 85, 65, 70, 70, 90, 85, 95, 80, 90, 75, 85, 70, 90, 75, 75, 85]"
70,2021-01-19 00:00:00,"[85, 85, 80, 80, 70, 85, 90, 50, 75, 40, 65, 55, 90, 85, 75, 50, 75, 70, 80, 45, 80, 55, 100, 80, 100, 70, 85, 85, 90, 70, 85, 85, 65, 70, 85, 85, 85, 80, 75, 85, 55, 90, 65, 75, 85, 85, 90, 100, 90, 80, 90, 80, 95, 75, 80, 80, 75, 70, 80, 80, 85, 60, 90, 90, 65, 60, 90, 60, 80, 60, 90, 70, 65, 75, 85, 90, 90, 95, 80, 90, 80, 100, 65, 75, 75, 80, 90, 75, 95, 75, 80, 80, 75, 70, 90, 85, 80, 80, 80, 80, 85, 80, 70, 95, 95, 95, 95, 80, 60, 70, 65]"
71,2021-01-18 00:00:00,"[95, 65, 75, 80, 90, 75, 90, 90, 65, 80, 90, 85, 100, 75, 75, 85, 85, 45, 85, 75, 70, 95, 90, 85, 80, 90, 80, 85, 65, 70, 65, 70, 80, 70, 80, 65, 85, 90, 90, 90, 80, 80, 90, 60, 50, 85, 90, 70, 75, 60, 65, 85, 90, 65, 90, 85, 85, 95, 90, 60, 95, 95, 70, 80, 90, 80, 80, 70]"
72,2021-01-17 00:00:00,"[55, 85, 85, 75, 90, 70, 90, 60, 80, 85, 80, 75, 80, 60, 70, 70, 85, 85, 75, 70, 85, 85, 80, 100, 85, 70, 80, 75, 85, 90, 100, 90, 85, 75, 50, 80, 80, 85, 70, 90, 80, 90, 90, 90, 50, 80, 70, 80, 90, 65, 80, 80, 70, 80, 85, 75, 60, 65, 75, 80, 70, 75, 75, 85, 90, 65, 85, 90, 65, 90, 55, 85, 90, 95, 85, 70, 70]"
73,2021-01-16 00:00:00,"[80, 85, 85, 75, 75, 80, 80, 90, 90, 85, 85, 85, 55, 85, 70, 65, 75, 90, 90, 80, 95, 85, 70, 90, 90, 80, 80, 85, 90, 95, 85, 90, 85, 80, 90, 85, 75, 75, 85, 85, 95, 85, 35, 75, 95, 85, 80, 75, 65, 75, 80, 85, 65, 75, 95, 80, 75, 75, 70, 80, 75, 95, 85, 75, 70, 90, 80, 85, 60, 80, 90, 80, 85, 100, 50, 70, 85, 80, 80, 85, 75, 60, 90, 70, 70, 75, 90]"
74,2021-01-15 00:00:00,"[70, 85, 75, 90, 60, 90, 95, 75, 35, 80, 70, 85, 95, 70, 60, 80, 75, 90, 60, 85, 50, 90, 80, 90, 65, 85, 60, 90, 80, 80, 70, 65, 70, 95, 80, 65, 80, 80, 90, 75, 90, 80, 90, 90, 65, 80, 85, 90, 70, 70, 85, 90, 80, 75, 65, 80, 80, 80, 80, 70, 70, 95, 85, 80, 60, 80, 100, 70, 60, 80, 90, 80, 70, 70, 90, 80, 70, 50, 80, 75, 100, 55, 90, 85, 85, 65, 70, 75, 85, 90, 75, 70, 50, 70, 65, 70, 60, 65, 70, 85, 70, 90, 65, 85, 85, 75, 70, 95, 65, 80, 85]"
75,2021-01-14 00:00:00,"[55, 70, 70, 70, 65, 70, 45, 95, 80, 80, 95, 85, 70, 80, 95, 95, 70, 90, 90, 85, 75, 75, 60, 80, 90, 90, 70, 85, 70, 90, 65, 70, 85, 85, 90, 90, 85, 70, 85, 90, 95, 65, 65, 90, 65, 55, 80, 70, 85, 65, 70, 85, 100, 75, 80, 55, 65, 90, 70, 90, 55, 55, 65, 75, 80, 80, 100, 85, 80, 70, 70, 85, 75, 90, 80, 95, 85, 95, 90, 100, 80, 85, 75, 85, 75, 80, 75, 60, 80, 85, 85, 90, 65, 75, 90, 95, 75, 70, 80, 85, 90, 70, 85, 85, 70, 85, 70, 95, 85, 70, 85, 80, 70, 75, 95, 95, 85, 90]"
76,2021-01-13 00:00:00,"[80, 80, 80, 85, 90, 70, 80, 85, 90, 85, 35, 75, 75, 85, 90, 75, 60, 65, 55, 60, 80, 80, 50, 85, 90, 85, 90, 85, 70, 50, 80, 70, 70, 90, 75, 85, 80, 55, 75, 85, 80, 75, 55, 85, 85, 85, 75, 85, 90, 60, 75, 70, 80, 90, 75, 55, 60, 70, 85, 80, 85, 90, 60, 90, 90, 90, 75, 100, 80, 90, 45, 70, 80, 80, 50, 85, 75, 90, 80, 95, 75, 85, 70, 80, 75, 75, 95, 85, 95, 50, 90, 90, 50, 75, 75]"
77,2021-01-12 00:00:00,"[70, 90, 70, 95, 70, 85, 80, 95, 75, 70, 80, 80, 80, 100, 75, 55, 75, 70, 85, 90, 85, 80, 65, 80, 85, 85, 90, 90, 85, 70, 70, 70, 75, 90, 80, 80, 80, 75, 65, 70, 80, 55, 80, 90, 85, 90, 70, 85, 80, 80, 95, 85, 100, 75, 75, 95, 85, 85, 70, 85, 75, 95, 80, 55, 75, 80, 75, 75, 90, 90, 80, 85, 80, 95, 60, 90, 80, 75, 85, 80, 75, 75, 90, 80, 90, 80, 85, 85, 80, 85, 90, 85, 90, 80, 60, 90, 75, 75, 85, 90, 70, 80, 75, 55, 55, 90, 85, 75, 75, 90, 85, 70, 60, 75, 70, 75, 70, 60, 65, 90, 55, 85, 95, 85, 95, 65, 80, 95]"
78,2021-01-11 00:00:00,"[75, 85, 90, 55, 95, 40, 90, 85, 65, 80, 80, 90, 70, 55, 90, 80, 90, 85, 75, 95, 65, 75, 100, 65, 75, 85, 90, 90, 85, 90, 70, 80, 85, 90, 75, 90, 90, 70, 70, 85, 75, 85, 80, 85, 60, 75, 75, 70, 70, 60, 95, 90, 70, 80, 75, 90, 85, 70, 95, 65, 80, 80, 95, 75, 95, 70, 65, 85, 90, 90, 55, 85, 80, 95, 85, 85, 90]"
79,2021-01-10 00:00:00,"[65, 90, 85, 85, 90, 70, 65, 65, 95, 90, 70, 80, 70, 75, 60, 90, 70, 80, 45, 65, 90, 85, 55, 85, 80, 75, 70, 80, 75, 80, 75, 75, 80, 75, 90, 80, 95, 80, 85, 90, 70, 80, 85, 80, 80, 80, 90, 80, 65, 70, 95, 90, 70, 85, 65, 75, 75, 80, 80, 70, 90, 80, 45, 60, 90, 80, 80, 80, 70, 90, 90, 70, 65, 75, 90, 55, 100, 75, 85, 80, 45, 80, 55, 90, 65, 70, 75, 80, 75, 85, 85, 95, 90, 75]"
80,2021-01-09 00:00:00,"[70, 90, 80, 50, 95, 90, 95, 65, 80, 80, 70, 90, 50, 80, 90, 55, 60, 85, 75, 80, 60, 75, 95, 75, 80, 90, 60, 65, 80, 95, 80, 60, 80, 90, 85, 65, 90, 85, 55, 75, 70, 95, 90, 90, 80, 75, 80, 80, 50, 80, 80, 85, 95, 80, 100, 90, 90, 75, 60, 70, 70, 60, 75, 65, 75, 55, 55, 70, 75, 70, 75, 80, 70, 85, 100, 75, 65, 90, 75, 60, 70, 80, 70, 95, 85, 85, 100, 75, 90, 90, 75, 60, 90, 85, 60, 85, 80, 60, 60, 90, 100, 95, 90, 85, 75, 95, 85, 100, 100, 65, 55, 65, 60, 75]"
81,2021-01-08 00:00:00,"[90, 75, 90, 80, 90, 90, 65, 85, 95, 80, 90, 85, 95, 70, 80, 75, 70, 85, 70, 95, 90, 85, 80, 75, 80, 80, 90, 80, 85, 70, 90, 85, 80, 90, 70, 80, 90, 90, 65, 80, 85, 90, 75, 80, 80, 90, 75, 85, 50, 80, 85, 75, 40, 90, 85, 85, 90, 70, 95, 85, 85, 70, 90, 85, 80, 95, 70, 80, 85, 65, 100, 90, 50, 65, 85, 85, 90, 60, 85, 75, 65, 90, 70, 90, 75, 80, 85, 85, 85, 95, 80, 85, 85, 80, 85, 85, 60, 75, 80, 70, 60, 70, 85, 60, 80, 70, 65, 90, 75, 75, 100, 75, 75, 75, 70]"
82,2021-01-07 00:00:00,"[70, 80, 75, 95, 80, 85, 85, 90, 65, 65, 75, 90, 90, 90, 90, 85, 60, 80, 80, 75, 90, 95, 90, 90, 80, 85, 80, 85, 65, 85, 65, 90, 90, 90, 70, 95, 85, 55, 95, 80, 90, 75, 80, 80, 75, 75, 70, 65, 95, 80, 85, 75, 60, 65, 30, 90, 85, 95, 95, 80, 75, 95, 75, 85, 95, 80, 80, 85, 75, 75, 70, 90, 80, 70, 95, 85, 60, 80, 85, 75, 70, 70, 95, 75, 85, 70, 95, 75, 65, 75, 40, 80, 90, 80, 60, 60, 85, 85, 90, 85, 85, 70, 65, 90, 90, 85, 85, 70, 90, 85, 60, 75, 85, 100, 85, 85, 35, 85, 90, 85, 45, 55, 85, 80, 75, 85, 85]"
83,2021-01-06 00:00:00,"[85, 80, 65, 90, 80, 85, 95, 70, 80, 80, 80, 85, 90, 80, 90, 70, 80, 75, 75, 75, 90, 80, 90, 80, 70, 90, 80, 85, 85, 85, 80, 75, 90, 75, 80, 75, 90, 75, 80, 90, 80, 90, 60, 85, 80, 90, 75, 70, 90, 90, 90, 85, 75, 95, 90, 80, 85, 80, 75, 85, 55, 80, 85, 80, 105, 60, 85, 90, 90, 85, 70, 80, 60, 95, 80, 80, 65, 90, 80, 55, 40, 55, 55, 70, 90, 70, 65, 70, 85, 90, 85, 65, 85, 85, 70, 95, 60, 70, 85, 75, 85, 65, 80, 95, 100, 80, 60, 90, 85, 90, 90, 80, 85, 45, 95, 75, 100, 70]"
84,2021-01-05 00:00:00,"[85, 80, 70, 95, 85, 75, 80, 70, 70, 90, 85, 85, 80, 85, 100, 80, 75, 75, 85, 95, 80, 85, 80, 65, 65, 55, 65, 70, 90, 80, 85, 85, 90, 25, 75, 70, 80, 85, 90, 75, 65, 75, 95, 85, 70, 95, 70, 75, 70, 80, 70, 85, 60, 70, 65, 90, 75, 85, 70, 85, 75, 85, 80, 85, 90, 85, 90, 70, 85, 60, 85, 105, 90, 75, 80, 85, 75, 70, 70, 90, 90, 90, 75, 85, 55, 75, 30, 85, 65, 60, 85, 65, 90, 65, 85, 90, 90, 80, 90, 85, 95, 75, 90]"
85,2021-01-04 00:00:00,"[70, 85, 80, 70, 45, 75, 85, 90, 95, 95, 95, 70, 100, 70, 70, 70, 70, 75, 85, 85, 80, 80, 80, 80, 70, 75, 75, 80, 80, 70, 85, 85, 85, 70, 85, 85, 85, 80, 80, 75, 90, 90, 70, 85, 85, 80, 75, 90, 60, 85, 95, 100, 75, 70, 60, 90, 90, 75, 60, 50, 75, 95, 70, 80, 75, 105, 75, 90, 65, 90, 85, 65, 95, 85, 85, 85, 95, 75, 85, 60, 95, 85, 65, 95, 35, 85, 85, 75, 55, 95, 85, 80, 85]"
86,2021-01-03 00:00:00,"[70, 90, 75, 85, 80, 85, 90, 75, 75, 65, 75, 80, 90, 85, 65, 60, 90, 90, 90, 70, 70, 60, 75, 65, 85, 85, 95, 65, 70, 65, 75, 95, 90, 80, 80, 85, 80, 70, 90, 75, 95, 90, 75, 75, 90, 95, 90, 75, 90, 75, 75, 75, 50, 90, 85, 85, 65, 70, 80, 70, 55, 50, 90, 75, 65, 80, 90, 50, 85, 95, 80, 90, 70, 80, 85, 90, 80, 85, 95, 80, 60, 70, 85, 85, 90, 60, 90, 85, 75, 85, 60, 80, 75, 70, 80, 75, 80, 90, 85, 90, 45, 90, 75]"
87,2021-01-02 00:00:00,"[80, 80, 70, 95, 85, 70, 95, 70, 90, 60, 85, 80, 75, 70, 85, 80, 90, 55, 70, 90, 75, 70, 90, 75, 90, 85, 75, 100, 85, 65, 70, 95, 80, 70, 60, 75, 80, 95, 60, 80, 95, 45, 80, 75, 85, 70, 85, 60, 90, 85, 70, 75, 95, 55, 90, 85, 80, 70, 75, 35, 95, 90, 75, 80, 90, 70, 90, 90, 80, 100, 70, 60, 85, 85, 70, 85, 95, 65, 80, 80, 90, 80, 85, 80, 95, 100, 85, 80, 90, 100, 85, 80, 85, 60, 70, 85, 85, 60, 80, 80, 80, 85, 75, 60, 65, 85, 70, 50, 85, 90, 80, 65, 70, 65]"
88,2021-01-01 00:00:00,"[100, 80, 75, 70, 70, 75, 65, 95, 90, 75, 80, 75, 70, 65, 85, 80, 70, 70, 95, 90, 80, 90, 95, 70, 90, 80, 55, 90, 65, 75, 85, 90, 85, 80, 50, 75, 70, 85, 80, 90, 85, 80, 50, 80, 90, 70, 80, 95, 80, 85, 85, 75, 70, 60, 80, 85, 85, 90, 50, 80, 95, 85, 80, 95, 50, 30, 85, 95, 70, 100, 85, 85, 85, 100, 75, 90, 95, 95, 70, 75, 80, 95, 90, 85, 90, 85, 70, 85, 85, 75, 80, 70, 90, 65, 75, 90, 65, 90, 85, 75, 85, 80, 65, 85, 85, 75, 50, 70, 60, 75, 80, 75, 85, 80, 90, 80, 55, 60, 65, 90, 80, 55, 60, 75, 90, 65, 70, 65, 85, 85]"
89,2020-12-31 00:00:00,"[80, 55, 85, 90, 80, 70, 65, 70, 80, 100, 85, 80, 80, 95, 85, 80, 75, 75, 75, 70, 65, 80, 60, 75, 75, 85, 95, 55, 65, 95, 85, 85, 55, 85, 90, 50, 75, 85, 85, 60, 80, 90, 85, 80, 90, 70, 90, 90, 75, 50, 75, 85, 70, 85, 75, 100, 75, 70, 75, 50, 60, 75, 95, 90, 100, 75, 80, 90, 70, 100, 85, 80, 75, 60, 85, 95, 95, 60, 70, 80, 70, 75, 85, 90, 40, 75, 90, 90, 85, 90, 75, 85, 75, 75, 70, 65, 50, 70, 65, 95, 80, 90, 80, 80, 80, 85, 60, 75]"
90,2020-12-30 00:00:00,"[85, 80, 90, 90, 85, 85, 75, 90, 60, 90, 65, 95, 75, 70, 80, 90, 75, 90, 80, 65, 85, 85, 90, 65, 90, 100, 90, 80, 75, 85, 95, 85, 80, 85, 75, 85, 80, 80, 90, 80, 90, 75, 60, 85, 75, 80, 75, 80, 90, 70, 80, 80, 85, 85, 85, 80, 70, 75, 70, 80, 70, 85, 90, 90, 80, 80, 90, 90, 85, 85, 95, 85, 70, 90, 85, 95, 85, 80, 95, 80, 75, 90, 65, 85, 85, 85, 85, 70, 90, 65, 95, 60, 65, 85, 85, 80, 70, 60, 65, 85, 70, 90, 80, 90, 85, 80, 80, 95, 85, 80, 60, 75, 75, 75, 75, 90, 65, 90, 90, 75, 65, 85, 70, 90, 80, 70, 100, 85, 75, 85, 70, 70, 60, 85, 90, 65, 100]"
91,2020-12-29 00:00:00,"[80, 85, 75, 85, 75, 95, 85, 90, 95, 80, 65, 60, 75, 75, 65, 75, 60, 60, 90, 75, 80, 65, 80, 70, 70, 65, 85, 85, 85, 85, 65, 65, 70, 90, 80, 95, 90, 80, 85, 90, 90, 80, 75, 85, 95, 95, 90, 45, 70, 95, 85, 95, 85, 60, 100, 95, 85, 80, 75, 95, 55, 95, 90, 85, 85, 70, 75, 95, 80, 90, 80, 75, 75, 70, 75, 65, 45, 90, 85, 85, 50, 90, 65, 75, 65, 90, 90, 90, 85, 75, 90, 75, 75, 65, 80, 80, 75, 75, 30, 80, 90, 75, 75, 90, 90, 80, 85, 60, 65, 90, 80, 90, 70, 70, 90, 75, 65, 60, 80, 85, 90, 90, 70, 75, 45, 95, 80, 70, 95, 95, 65]"
92,2020-12-28 00:00:00,"[90, 85, 90, 85, 90, 80, 85, 95, 85, 95, 80, 85, 75, 85, 95, 85, 65, 100, 55, 90, 70, 80, 90, 70, 90, 55, 65, 65, 75, 60, 75, 85, 75, 80, 85, 85, 80, 95, 70, 80, 80, 85, 60, 85, 90, 80, 95, 50, 75, 75, 85, 80, 80, 95, 95, 80, 65, 80, 85, 75, 65, 90, 70, 65, 85, 80, 75, 55, 90, 85, 55, 90, 60, 65, 85, 75, 70, 75, 90, 45, 65, 65, 60, 85, 75, 70, 85, 80, 75, 70, 80, 70, 85, 35, 65, 80, 65, 70, 85, 65, 85, 80, 60, 90, 55, 75, 75, 80, 90, 75, 80, 95, 65, 90]"
93,2020-12-27 00:00:00,"[80, 65, 55, 85, 80, 65, 85, 90, 60, 85, 90, 90, 85, 75, 90, 75, 90, 80, 105, 65, 75, 70, 70, 60, 95, 70, 70, 75, 85, 85, 70, 70, 85, 80, 80, 95, 70, 70, 85, 90, 95, 50, 85, 75, 80, 75, 85, 95, 80, 75, 50, 80, 80, 95, 95, 70, 80, 90, 80, 70, 55, 90, 85, 85, 90, 75, 100, 85, 85, 80, 80, 75, 85, 80, 80, 80, 55, 70, 95, 90, 80, 85, 85, 65, 70, 65, 70, 85, 55, 70, 60, 90, 95, 90, 70, 90]"
94,2020-12-26 00:00:00,"[75, 90, 95, 90, 80, 90, 80, 90, 90, 80, 95, 85, 85, 80, 70, 70, 90, 90, 90, 100, 60, 85, 90, 85, 70, 80, 60, 80, 80, 80, 60, 85, 70, 100, 90, 70, 80, 80, 90, 70, 80, 60, 75, 60, 85, 75, 80, 80, 70, 85, 70, 95, 70, 85, 75, 85, 80, 95, 55, 90, 90, 85, 85, 75, 70, 60, 70, 85, 90, 85, 75, 85, 95, 80, 65, 85, 85, 70, 80, 70, 55, 90, 90, 85, 90, 55, 65, 80, 90, 90, 80, 65, 85, 95, 85, 90, 90, 70, 70, 80, 80, 95, 90, 85, 80, 75, 70, 65, 60, 70, 70, 100, 60, 70, 95, 90, 90, 90]"
95,2020-12-25 00:00:00,"[80, 85, 65, 70, 70, 75, 65, 90, 80, 85, 65, 80, 80, 85, 70, 85, 70, 70, 95, 85, 90, 95, 85, 65, 75, 95, 75, 95, 90, 95, 75, 85, 85, 95, 70, 75, 85, 65, 75, 90, 95, 85, 95, 80, 95, 70, 70, 85, 90, 75, 80, 50, 30, 90, 75, 75, 90, 100, 90, 80, 80, 90, 90, 70, 90, 85, 75, 90, 75, 65, 85, 85, 75, 90, 80, 85, 70, 65, 70, 90, 80, 90, 70, 55, 75, 55, 55, 90, 75, 70, 80, 70, 50, 50, 75, 75, 55, 90, 60, 70, 70, 75, 90, 100]"
96,2020-12-24 00:00:00,"[85, 65, 95, 85, 80, 90, 90, 90, 70, 75, 55, 90, 70, 55, 80, 55, 90, 90, 85, 50, 90, 85, 90, 90, 85, 85, 85, 75, 45, 85, 80, 90, 70, 85, 80, 85, 80, 95, 65, 80, 80, 95, 60, 85, 55, 85, 55, 80, 100, 65, 60, 60, 65, 70, 90, 80, 75, 90, 75, 70, 75, 75, 85, 80, 95, 85, 70, 85, 80, 70, 75, 90, 80, 75, 85, 70, 85, 60, 70, 90, 70, 75, 90, 90, 80, 80, 90, 55, 65, 60, 90, 90, 60, 75, 70, 95, 80, 85, 55, 55, 90, 60, 90, 95, 75, 75, 90, 65, 85, 75, 90, 80, 80]"
97,2020-12-23 00:00:00,"[85, 80, 70, 80, 75, 85, 60, 85, 75, 85, 75, 95, 95, 70, 80, 70, 70, 80, 80, 80, 85, 105, 85, 70, 75, 80, 100, 90, 80, 95, 90, 100, 65, 70, 85, 90, 70, 70, 90, 80, 80, 75, 95, 60, 75, 90, 85, 80, 95, 65, 75, 85, 60, 65, 65, 95, 75, 85, 70, 65, 55, 90, 70, 70, 55, 85, 85, 65, 75, 75, 85, 80, 80, 70, 80, 60, 90, 80, 50, 85, 60, 60, 75, 65, 70, 85, 70, 70, 80, 75, 75, 85, 75, 90, 70, 85, 70, 85, 85, 65, 75, 75, 85, 70, 70, 65, 60, 80, 80, 60, 90, 65, 70, 55, 90, 70, 90, 80, 80, 85, 55, 70, 65, 95, 30, 75, 60, 85, 80, 80, 85, 90, 65, 65, 70, 65, 65, 70, 80, 75, 85, 65, 90, 70, 75, 90, 95, 85, 85, 85, 95, 65, 75, 80]"
98,2020-12-22 00:00:00,"[95, 65, 65, 90, 85, 70, 85, 65, 90, 85, 65, 95, 80, 95, 95, 70, 90, 55, 60, 75, 85, 75, 90, 75, 75, 80, 70, 85, 65, 70, 80, 100, 70, 90, 75, 80, 95, 75, 95, 70, 90, 70, 75, 70, 70, 75, 85, 75, 85, 95, 80, 80, 90, 95, 85, 90, 90, 90, 85, 80, 90, 75, 75, 75, 60, 80, 70, 95, 80, 70, 80, 75, 70, 95, 65, 80, 95, 75, 90, 85, 75, 70, 75, 85, 80, 75, 80, 100, 80, 55, 80, 85, 70, 90, 80, 90, 60, 90, 65, 95, 80, 90, 55, 80, 85, 90, 80, 85, 65, 80, 90, 85, 85, 90, 80, 75, 65, 65, 85, 80, 90, 90, 75, 70, 90, 80, 80, 75, 100, 95, 55, 65, 85, 90, 85, 80, 80, 75, 75, 85, 80, 65, 85, 80, 75, 75, 85, 70, 90, 75, 65, 60, 70, 90, 75, 100, 85, 90, 75, 65, 65, 80, 85, 70, 85, 80, 90, 80, 85, 90, 85, 85, 90, 90, 75, 80, 90, 85, 95, 60]"
99,2020-12-21 00:00:00,"[85, 85, 85, 75, 85, 95, 90, 40, 70, 80, 70, 85, 85, 85, 100, 90, 80, 70, 85, 80, 65, 105, 95, 90, 80, 95, 90, 80, 65, 80, 90, 85, 95, 90, 90, 85, 95, 70, 75, 85, 65, 85, 65, 70, 90, 65, 70, 85, 65, 95, 85, 85, 95, 85, 80, 95, 85, 90, 85, 70, 75, 85, 50, 85, 80, 70, 90, 75, 90, 95, 85, 75, 85, 80, 90, 85, 90, 80, 85, 80, 75, 80, 55, 75, 90, 75, 85, 70, 70, 75, 100, 75, 65, 90, 65, 65, 75, 80, 75, 95, 90, 65, 90, 80, 95, 25, 80, 90, 70, 90, 85, 75, 80, 90, 90, 70, 85, 75, 90, 80, 70, 80, 75, 90, 75, 90, 80, 85, 80, 70, 95, 85, 80, 95, 75, 80, 90, 80, 75, 75, 60, 75, 90, 80, 80, 80, 80, 70, 80, 65, 100, 80, 105, 60, 70, 80, 80, 55, 85, 75, 65, 60, 70, 85, 30, 80, 80, 65, 90, 80, 85, 75, 90, 70, 70, 75, 85, 75, 75, 75, 85, 90, 85]"
100,2020-12-20 00:00:00,"[65, 85, 100, 85, 65, 70, 90, 85, 90, 30, 65, 65, 80, 65, 85, 60, 80, 70, 90, 50, 70, 85, 85, 60, 40, 85, 95, 60, 85, 65, 80, 85, 90, 75, 80, 75, 80, 70, 60, 65, 80, 90, 85, 75, 60, 85, 90, 75, 95, 75, 80, 80, 75, 90, 75, 85, 85, 95, 75, 75, 75, 80, 75, 75, 95, 90, 85, 80, 90, 65, 90, 90, 70, 90, 75, 85, 95, 70, 80, 90, 95, 90, 85, 90, 65, 105, 80, 80, 50, 80, 70, 75, 95, 90, 85, 85, 50, 100, 90, 80, 85, 80, 95, 80, 70, 80, 80, 75, 70, 85, 70, 75, 75, 95, 70, 90, 50, 95, 85, 90, 100, 90, 65, 85, 95, 75, 80, 70, 70, 70, 65, 85, 65, 70, 70, 85, 85, 90, 80, 65, 80, 90, 70, 75, 85, 90, 75, 60, 60, 85, 85, 90, 70, 100, 55, 90, 80, 65, 90, 80, 75, 80, 65, 90, 90, 90, 70, 70, 60, 65, 55, 75, 85, 80, 85, 65, 60, 90, 70, 90, 70, 95, 65, 65, 90]"
101,2020-12-19 00:00:00,"[75, 90, 80, 80, 70, 90, 85, 70, 100, 65, 95, 75, 65, 75, 90, 90, 75, 45, 70, 60, 90, 60, 70, 75, 85, 85, 85, 95, 65, 80, 70, 70, 80, 75, 75, 100, 75, 80, 95, 60, 85, 50, 70, 85, 75, 95, 65, 70, 80, 85, 80, 75, 85, 80, 95, 80, 85, 75, 75, 70, 55, 85, 85, 80, 95, 85, 95, 60, 95, 85, 75, 80, 70, 85, 85, 75, 85, 75, 75, 80, 85, 85, 75, 80, 75, 85, 70, 75, 90, 95, 95, 80, 90, 90, 95, 70, 90, 65, 75, 50, 70, 90, 90, 95, 95, 80, 60, 95, 70, 75, 70, 95, 95, 90, 85, 90, 100, 90, 90, 60, 85, 90, 85, 75, 60, 75, 80, 100, 85, 95, 95, 85, 80, 70, 75, 65, 85, 75, 65, 90, 80, 80, 65, 75, 80, 85, 85, 85, 90, 70, 90, 80, 70, 60, 70, 100, 70, 75, 65, 70, 80, 50, 70, 55, 65, 75, 75, 80, 75, 60, 75, 75, 85, 85, 85, 65, 75, 55, 100, 90, 80, 70, 85, 95, 85, 95, 80, 80, 70]"
102,2020-12-18 00:00:00,"[75, 95, 75, 75, 90, 90, 80, 50, 70, 65, 75, 90, 80, 80, 85, 75, 75, 100, 85, 80, 75, 85, 80, 90, 90, 85, 75, 95, 85, 80, 50, 85, 85, 70, 85, 80, 75, 90, 90, 60, 80, 85, 90, 90, 85, 55, 80, 65, 60, 55, 90, 85, 90, 90, 80, 85, 60, 65, 70, 90, 70, 70, 55, 70, 65, 65, 100, 85, 85, 95, 95, 85, 65, 85, 75, 70, 60, 85, 85, 80, 80, 80, 90, 90, 65, 85, 80, 65, 75, 65, 75, 85, 75, 85, 70, 90, 95, 80, 90, 70, 90, 95, 90, 90, 70, 70, 65, 65, 85, 80, 85, 85, 95, 75, 70, 75, 90, 75, 95, 65, 90, 65, 90, 80, 70, 95, 20, 80, 35, 75, 85, 60, 70, 70, 90, 80, 50, 85, 75, 65, 90, 55, 70, 85, 80, 60, 75, 50, 75, 85, 70, 70, 90, 75, 75, 80, 75, 70, 90, 70, 70, 95, 85, 80, 75, 80, 80, 85, 75, 80, 35, 90, 80, 90, 95, 75, 90, 65, 65, 70, 80, 80, 65, 75, 75, 90, 65]"
103,2020-12-17 00:00:00,"[75, 80, 60, 75, 95, 100, 90, 85, 60, 75, 75, 80, 55, 90, 90, 90, 70, 65, 95, 90, 75, 90, 70, 85, 90, 90, 70, 90, 80, 65, 90, 70, 80, 50, 55, 85, 80, 75, 80, 90, 75, 80, 90, 70, 70, 75, 60, 75, 80, 90, 95, 80, 90, 85, 95, 80, 100, 75, 70, 80, 85, 85, 90, 55, 80, 70, 65, 60, 85, 85, 70, 75, 75, 40, 95, 75, 70, 95, 70, 80, 55, 65, 65, 90, 95, 85, 95, 65, 60, 70, 80, 65, 90, 85, 90, 75, 95, 85, 70, 80, 80, 90, 60, 85, 95, 90, 75, 80, 60, 90, 85, 70, 70, 95, 95, 75, 70, 65, 95, 80, 80, 65, 65, 80, 70, 90, 80, 90, 80, 35, 75, 70, 90, 75, 95, 95, 70, 70, 75, 80, 90, 75, 70, 90, 80, 70, 70, 80, 90, 75, 75, 90, 90, 75, 85, 90, 65]"
104,2020-12-16 00:00:00,"[70, 80, 70, 60, 85, 85, 85, 80, 60, 90, 85, 70, 80, 85, 85, 75, 90, 95, 80, 100, 85, 75, 80, 85, 70, 85, 90, 70, 80, 60, 85, 80, 90, 75, 85, 75, 85, 95, 75, 75, 70, 80, 85, 70, 45, 80, 85, 95, 85, 30, 90, 80, 80, 90, 80, 90, 70, 90, 85, 85, 90, 65, 80, 80, 70, 70, 85, 75, 90, 80, 85, 85, 90, 90, 85, 85, 95, 85, 65, 90, 85, 95, 75, 90, 55, 50, 85, 100, 90, 80, 65, 85, 80, 70, 75, 75, 65, 75, 85, 90, 85, 65, 85, 90, 70, 85, 90, 90, 90, 60, 70, 90, 65, 65, 80, 70, 90, 85, 80, 90, 85, 75, 90, 75, 65, 85, 85, 100, 90, 80, 90, 85, 75, 80, 95, 75, 75, 75, 70, 85, 85, 80, 90, 80]"
105,2020-12-15 00:00:00,"[85, 75, 85, 90, 75, 80, 75, 85, 85, 80, 80, 90, 70, 90, 85, 95, 60, 85, 80, 90, 85, 70, 90, 90, 85, 60, 80, 70, 85, 85, 75, 85, 90, 85, 75, 95, 50, 70, 65, 85, 75, 60, 90, 75, 80, 80, 75, 65, 85, 85, 65, 75, 90, 70, 75, 90, 85, 80, 55, 70, 85, 85, 85, 85, 60, 75, 85, 75, 80, 90, 80, 70, 75, 65, 85, 75, 70, 80, 90, 80, 65, 90, 85, 85, 75, 65, 75, 80, 65, 95, 75, 70, 85, 90, 95, 70, 80, 55, 70, 50, 75, 90, 60, 75, 80, 85, 55]"
106,2020-12-14 00:00:00,"[60, 70, 75, 85, 45, 75, 90, 100, 65, 65, 70, 95, 75, 50, 90, 75, 85, 85, 60, 75, 70, 85, 90, 90, 75, 85, 80, 90, 75, 85, 90, 95, 85, 45, 95, 70, 95, 70, 80, 80, 80, 90, 80, 85, 80, 70, 80, 80, 80, 80, 65, 95, 50, 85, 95, 45, 50, 85, 75, 100, 65, 80, 85, 65, 85, 85, 85, 70, 80, 85, 80, 65, 90, 95, 95, 95, 80, 85, 90, 100, 80, 80, 80, 55, 70, 60, 80, 85, 85, 70, 90, 70, 80, 60, 95, 55, 85, 80, 90, 65, 75, 80, 95, 80, 65, 85, 80, 95, 80, 80, 80, 85, 85, 60, 90, 75, 90, 95, 70, 90, 85, 80, 65, 80, 95, 70, 95, 70, 70, 65, 80, 75, 70, 80, 65, 80, 75, 90, 85, 60, 75, 80, 90, 90, 80, 55, 80, 55, 80, 75, 50, 85, 90, 70, 65, 65, 90, 70, 75, 80, 75, 75, 50, 70, 90]"
107,2020-12-13 00:00:00,"[65, 90, 80, 70, 90, 95, 70, 70, 65, 80, 85, 90, 95, 95, 90, 90, 95, 70, 80, 85, 90, 80, 80, 75, 85, 85, 55, 90, 65, 90, 70, 95, 90, 90, 85, 85, 80, 85, 70, 75, 80, 80, 90, 90, 90, 75, 75, 80, 65, 65, 85, 90, 85, 55, 85, 90, 85, 70, 85, 85, 75, 85, 95, 70, 65, 70, 70, 100, 75, 85, 90, 70, 70, 90, 50, 80, 80, 100, 65, 85, 80, 90, 75, 85, 80, 85, 80, 95, 85, 85, 70, 85, 65, 85, 75, 60, 75, 90, 75, 75, 95, 70, 80, 80, 45, 90, 45, 85, 70, 80, 90, 75, 90, 65, 80, 80, 85, 60, 70, 95, 80, 80, 80, 80, 90, 70, 90, 65, 80, 95, 75, 85, 80, 70, 95, 95, 85, 85, 75, 75, 80, 80, 75, 90, 80, 55, 75, 65, 85, 70, 85, 95, 65, 85, 65, 75, 65, 60, 75, 60, 90, 50, 85, 80, 95, 100, 80, 55, 60, 80, 90, 70, 80, 100, 80, 95, 85, 70, 90, 80, 50]"
108,2020-12-12 00:00:00,"[85, 85, 70, 80, 70, 40, 75, 60, 90, 85, 70, 95, 65, 85, 85, 70, 65, 90, 80, 75, 75, 90, 75, 85, 90, 75, 90, 95, 80, 75, 75, 75, 90, 70, 95, 60, 85, 80, 90, 80, 80, 100, 95, 60, 55, 95, 50, 85, 90, 55, 90, 80, 75, 90, 95, 90, 85, 80, 80, 80, 95, 85, 85, 90, 90, 80, 80, 90, 75, 95, 55, 75, 90, 75, 75, 90, 95, 95, 85, 75, 90, 80, 80, 85, 80, 70, 90, 85, 80, 90, 85, 80, 75, 80, 75, 45, 85, 80, 70, 70, 70, 70, 85, 65, 90, 100, 90, 55, 70, 75, 65, 90, 80, 90, 80, 95, 90, 85, 80, 75, 65, 70, 95, 90, 75, 60, 80, 80, 85, 100, 75, 65, 65, 50, 85, 75, 85, 65, 75, 90, 70, 90, 75, 70, 30, 85, 60, 85, 80, 90, 80, 95, 80, 100, 85, 90, 90, 70, 90, 85, 45, 80]"
109,2020-12-11 00:00:00,"[75, 90, 80, 95, 90, 75, 55, 65, 70, 75, 95, 95, 90, 90, 95, 80, 95, 85, 80, 50, 90, 70, 40, 80, 65, 100, 85, 85, 75, 70, 65, 75, 85, 85, 75, 80, 85, 95, 95, 75, 80, 85, 75, 80, 85, 95, 50, 95, 85, 100, 80, 80, 75, 65, 65, 65, 80, 85, 75, 85, 70, 50, 75, 65, 35, 85, 70, 65, 80, 80, 80, 90, 70, 80, 90, 95, 95, 85, 85, 75, 90, 90, 85, 95, 75, 70, 75, 95, 85, 45, 85, 75, 70, 65, 65, 90, 65, 90, 75, 85, 80, 80, 70, 95, 70, 70, 70, 55, 80, 45, 95, 85, 80, 50, 85, 85, 60, 75, 70, 70, 80, 75, 80, 70, 80, 45, 90, 65, 70, 65, 80, 90, 70, 60, 70, 45, 75, 75, 70, 80, 70, 75, 80, 80, 80, 85, 55, 85, 70, 70, 80, 95, 80, 95, 100, 80, 90, 80, 80, 35, 80, 80, 65, 65, 75, 75, 70, 95, 75, 90, 85]"
110,2020-12-10 00:00:00,"[70, 55, 65, 90, 95, 75, 85, 80, 85, 75, 85, 80, 65, 90, 75, 80, 55, 80, 80, 70, 80, 90, 70, 80, 90, 95, 65, 80, 80, 95, 95, 85, 70, 60, 80, 75, 65, 75, 85, 90, 60, 65, 65, 85, 65, 95, 65, 90, 85, 25, 80, 90, 80, 90, 90, 70, 75, 75, 85, 60, 60, 90, 80, 90, 75, 70, 80, 90, 65, 85, 95, 75, 65, 95, 95, 65, 75, 85, 85, 70, 85, 80, 85, 85, 70, 85, 65, 80, 85, 70, 65, 65, 80, 90, 90, 70, 85, 90, 80, 90, 70, 80, 90, 80, 65, 75, 85, 80, 70, 75, 65, 55, 60, 75, 45, 90, 65, 85, 95, 85, 90, 75, 75, 100, 70, 70, 90, 60, 70, 85, 75, 90, 75, 85, 65, 80, 80, 45, 90, 90, 60, 95, 90, 65, 70, 50, 75, 80, 95, 95, 80, 85, 60, 90, 85, 55, 55, 60, 80, 70, 75, 95, 85, 90, 75, 80, 75, 70, 70, 90, 90]"
111,2020-12-09 00:00:00,"[75, 60, 80, 85, 65, 65, 75, 50, 65, 90, 90, 85, 80, 85, 55, 65, 50, 30, 85, 45, 70, 80, 65, 80, 65, 65, 80, 70, 95, 90, 80, 80, 90, 95, 70, 85, 80, 85, 90, 75, 95, 65, 90, 70, 85, 95, 85, 65, 90, 85, 50, 75, 75, 85, 85, 55, 65, 90, 60, 85, 80, 90, 70, 80, 85, 80, 70, 100, 80, 90, 85, 95, 95, 95, 80, 95, 65, 80, 75, 85, 70, 80, 80, 85, 85, 95, 65, 85, 80, 75, 85, 85, 85, 75, 50, 90, 85, 55, 85, 90, 90, 90, 75, 85, 50, 60, 70, 90, 85, 65, 80, 90, 95, 85, 75, 90, 50, 75, 80, 90, 95, 100, 90, 55, 80, 80, 75, 80, 80, 70, 65, 60, 70, 90, 80, 75, 90, 70, 80, 65, 80, 85, 65, 75, 70, 95, 60, 85, 90, 85, 70, 90, 85, 90, 75, 85, 90, 75, 60, 75]"
112,2020-12-08 00:00:00,"[75, 95, 80, 75, 60, 70, 85, 75, 55, 95, 75, 70, 90, 80, 50, 85, 95, 50, 95, 95, 105, 95, 85, 95, 70, 90, 60, 75, 95, 75, 75, 85, 85, 80, 60, 65, 85, 95, 85, 75, 80, 80, 75, 70, 75, 95, 85, 80, 65, 85, 80, 90, 95, 80, 75, 90, 75, 85, 90, 60, 65, 75, 90, 90, 85, 70, 65, 85, 95, 80, 65, 70, 40, 85, 75, 70, 85, 90, 90, 90, 60, 75, 90, 65, 85, 60, 85, 80, 75, 95, 90, 90, 75, 105, 90, 80, 80, 85, 90, 75, 90, 80, 95, 60, 95, 85, 75, 90, 75, 70, 80, 85, 90, 95, 85, 90, 90, 70, 85, 65, 70, 60, 75, 65, 70, 55, 80, 85, 65, 75, 60, 85, 85, 95, 45, 70]"
113,2020-12-07 00:00:00,"[60, 85, 85, 95, 100, 75, 90, 75, 60, 90, 95, 90, 80, 85, 75, 85, 65, 85, 90, 45, 90, 90, 75, 80, 85, 80, 85, 100, 75, 70, 95, 80, 50, 85, 85, 75, 75, 85, 75, 90, 70, 80, 70, 75, 85, 75, 95, 90, 100, 80, 75, 70, 95, 80, 65, 90, 90, 75, 90, 100, 75, 80, 75, 85, 80, 90, 70, 80, 95, 95, 85, 95, 85, 70, 60, 65, 65, 85, 85, 60, 85, 95, 80, 95, 90, 90, 85, 90, 80, 85, 95, 90, 50, 70, 85, 25, 80, 90, 75, 60, 55, 90, 70, 70, 80, 80, 75, 70, 75, 55, 75, 95, 90, 90, 80, 80]"
114,2020-12-06 00:00:00,"[65, 75, 85, 80, 80, 85, 75, 95, 75, 95, 40, 75, 75, 85, 90, 70, 75, 85, 70, 85, 70, 80, 80, 90, 80, 90, 85, 65, 75, 85, 95, 90, 80, 65, 95, 90, 70, 95, 95, 75, 95, 85, 80, 80, 70, 90, 65, 55, 60, 90, 90, 65, 65, 85, 95, 80, 75, 95, 65, 70, 90, 70, 85, 65, 75, 90, 90, 70, 95, 75, 50, 65, 70, 80, 75, 100, 85, 95, 85, 90, 90, 80, 50, 60, 45, 85, 85, 55, 50, 45, 75, 70, 85, 80, 80, 90, 55, 95, 95, 80, 85, 95, 80, 90, 90, 60, 80, 85, 55, 65, 85, 25, 80, 90, 80, 70, 70, 85, 80, 85, 95, 85, 75, 80, 85, 90, 95, 80, 80, 90, 50, 85, 95, 95, 75, 80, 70, 80, 80, 90, 65, 85, 70, 85, 70, 100, 85, 85, 70, 75, 65, 90, 70, 80, 55, 80, 60, 70, 55, 85, 85, 90]"
115,2020-12-05 00:00:00,"[85, 85, 95, 75, 80, 85, 65, 80, 60, 80, 75, 65, 90, 85, 85, 75, 80, 90, 90, 55, 95, 100, 85, 55, 95, 85, 60, 85, 55, 70, 60, 85, 80, 65, 75, 95, 80, 80, 80, 90, 85, 85, 90, 70, 65, 80, 95, 90, 65, 95, 85, 65, 85, 85, 80, 75, 100, 80, 85, 55, 55, 70, 80, 80, 70, 85, 90, 80, 60, 80, 80, 70, 70, 70, 65, 85, 90, 80, 70, 95, 85, 55, 85, 80, 90, 50, 85, 70, 65, 85, 90, 70, 95, 85, 65, 80, 85, 65, 80, 75, 80, 75, 80, 50, 85, 75, 90, 90, 85, 70, 65, 95, 35, 85, 75, 95, 60, 80, 60, 90, 75, 75, 75, 90, 90, 90, 95, 55, 90, 80, 90, 75, 80, 80, 80, 100, 60, 60, 80, 75, 85, 80, 85, 75, 75, 60, 95, 85, 85, 95, 90, 55, 75, 85, 80, 85, 70, 90, 75, 70, 70, 80, 90, 65, 45, 95, 70, 80, 95, 85, 80, 90, 55, 70, 85, 90, 85, 100, 75, 65, 75, 90, 75, 90, 85, 75, 90, 75, 70, 90, 90, 60, 80]"
116,2020-12-04 00:00:00,"[80, 85, 85, 80, 55, 65, 85, 90, 95, 90, 80, 75, 85, 75, 80, 65, 65, 95, 95, 80, 45, 85, 90, 95, 80, 70, 75, 85, 85, 75, 75, 60, 65, 75, 75, 85, 70, 85, 95, 75, 70, 70, 75, 95, 80, 70, 85, 80, 55, 95, 60, 80, 85, 90, 70, 95, 90, 75, 90, 85, 65, 60, 70, 75, 60, 90, 85, 80, 80, 70, 70, 85, 90, 85, 90, 80, 75, 50, 55, 70, 70, 70, 85, 90, 80, 60, 60, 90, 75, 85, 85, 90, 80, 75, 95, 95, 70, 80, 80, 85, 75, 75, 85, 80, 85, 90, 60, 65, 90, 85, 90, 95, 75, 65, 65, 75, 95, 85, 75, 70, 70, 70, 80, 70, 90, 90, 95, 80, 90, 80, 50, 75, 95, 95, 90, 80, 50, 85, 85, 90, 85, 85, 40, 85, 90, 85, 85, 75, 90, 75, 85, 75, 75, 95, 75, 70, 55, 85, 70, 90, 80, 95, 85, 85, 90, 70, 80, 85, 95, 85, 80, 90, 100, 70, 65, 90, 75, 90, 80, 75, 50, 75, 75, 75, 60, 75, 90, 95, 95]"
117,2020-12-03 00:00:00,"[75, 70, 75, 90, 70, 75, 85, 70, 85, 70, 70, 75, 90, 90, 80, 70, 70, 95, 65, 85, 75, 65, 70, 95, 65, 95, 85, 90, 95, 85, 80, 65, 80, 70, 80, 85, 95, 90, 80, 85, 85, 75, 90, 70, 85, 90, 80, 85, 75, 85, 85, 80, 75, 90, 70, 95, 70, 85, 85, 85, 80, 80, 75, 90, 90, 70, 70, 50, 70, 90, 80, 85, 75, 85, 80, 70, 90, 80, 85, 60, 70, 65, 75, 85, 85, 45, 95, 80, 95, 90, 90, 90, 55, 70, 70, 70, 80, 80, 75, 60, 70, 75, 80, 90, 90, 50, 80, 80, 75, 70, 90, 80, 85, 85, 75, 35, 80, 80, 75, 55, 65, 80, 55, 75, 70, 80, 85, 85, 75, 80, 60, 75, 65, 85, 70, 90, 70, 70, 80, 75, 85, 70, 85, 85, 85, 80, 75, 80, 70, 70, 60, 80, 70, 80, 100, 95, 60, 45, 80, 75, 45, 65, 75, 90, 60, 60, 95, 70, 80, 85, 65, 80, 95, 85, 70, 70, 85, 65, 90, 75, 80, 75]"
118,2020-12-02 00:00:00,"[80, 75, 90, 90, 65, 80, 90, 90, 75, 70, 80, 65, 75, 75, 85, 90, 80, 80, 75, 65, 85, 75, 80, 90, 80, 85, 75, 85, 90, 75, 70, 80, 65, 75, 80, 90, 80, 80, 80, 75, 80, 75, 90, 75, 95, 70, 100, 85, 80, 85, 85, 75, 95, 70, 85, 70, 90, 70, 80, 75, 85, 55, 70, 95, 95, 70, 75, 80, 85, 85, 90, 70, 75, 75, 80, 90, 85, 95, 70, 90, 75, 85, 95, 70, 85, 65, 85, 95, 75, 80, 70, 60, 70, 80, 70, 95, 85, 90, 75, 75, 75, 80, 75, 95, 75, 80, 75, 80, 65, 70, 95, 95, 75, 80, 70, 80, 80, 80, 90, 65, 85, 100, 85, 55, 55, 75, 100, 60, 80, 70, 90, 65, 75, 95, 70, 85, 55, 95, 75, 65, 80, 75, 70, 90, 80, 90, 85, 50, 75, 70, 80, 80, 75, 75, 85, 65, 75, 70, 50, 75, 70, 60, 90, 70, 90]"
119,2020-12-01 00:00:00,"[50, 80, 95, 65, 85, 55, 85, 90, 80, 90, 85, 85, 80, 95, 80, 85, 45, 85, 55, 65, 80, 95, 65, 60, 55, 60, 100, 60, 95, 65, 75, 90, 75, 35, 80, 75, 90, 85, 90, 95, 85, 75, 85, 55, 80, 85, 90, 90, 85, 90, 70, 90, 80, 80, 85, 60, 90, 80, 90, 65, 85, 85, 70, 55, 65, 85, 75, 70, 90, 95, 100, 90, 85, 80, 85, 85, 85, 70, 70, 85, 95, 60, 50, 90, 75, 75, 90, 100, 80, 75, 75, 75, 65, 80, 75, 75, 70, 30, 75, 90, 60, 70, 75, 80, 65, 70, 85, 75, 90, 60, 85, 95, 75, 80, 80, 60, 80, 65, 90, 80, 80, 100, 90, 90, 30, 90, 80, 80, 50, 75, 70, 80, 90, 80, 90, 80, 70, 90, 90, 95, 80, 85, 100, 70, 55, 85, 90, 90, 80, 75, 90, 85, 95, 60]"
120,2020-11-30 00:00:00,"[85, 95, 75, 65, 70, 85, 50, 85, 85, 90, 95, 80, 90, 70, 85, 75, 75, 80, 70, 80, 90, 85, 80, 85, 90, 85, 70, 75, 70, 80, 70, 85, 90, 90, 85, 80, 90, 95, 90, 90, 65, 85, 75, 75, 90, 70, 75, 85, 80, 75, 90, 75, 80, 80, 55, 45, 90, 80, 70, 80, 75, 20, 75, 95, 90, 85, 80, 80, 95, 80, 85, 65, 70, 85, 90, 90, 85, 80, 100, 65, 70, 95, 75, 65, 80, 60, 65, 80, 75, 65, 80, 70, 75, 90, 80, 80, 85, 45, 70, 80, 85, 65, 60, 85, 65, 65, 70, 90, 75, 75, 90, 75, 85, 95, 70, 75, 90, 70, 75, 90, 65, 75, 80, 65, 85, 30, 85, 85, 75, 80, 85, 100, 85, 95, 75, 75, 85, 95, 65, 95, 95, 70, 75, 60, 65, 40, 85, 95, 100, 95, 95]"
121,2020-11-29 00:00:00,"[90, 70, 90, 90, 85, 80, 75, 65, 90, 90, 65, 75, 75, 75, 70, 70, 90, 55, 85, 75, 90, 75, 105, 75, 65, 70, 90, 95, 90, 55, 65, 85, 85, 85, 65, 70, 60, 85, 85, 70, 85, 85, 75, 65, 90, 80, 65, 90, 90, 75, 55, 85, 90, 80, 90, 50, 65, 90, 40, 95, 85, 70, 80, 85, 75, 95, 80, 85, 55, 80, 75, 90, 80, 85, 90, 90, 100, 80, 70, 70, 80, 35, 85, 100, 90, 70, 75, 85, 65, 70, 90, 85, 75, 75, 90, 85, 85, 90, 90, 80, 90, 75, 75, 80, 80, 70, 75, 80, 70, 80, 95, 90, 90, 80, 90, 85, 75, 90, 80, 65, 70, 70, 100, 95, 85, 65, 60, 80, 70, 85, 90, 80, 60, 85, 70, 85, 90, 80, 95, 65, 75, 90, 45, 90, 90, 85, 90, 70, 95, 55, 80, 90, 55, 90, 75, 45]"
122,2020-11-28 00:00:00,"[95, 70, 70, 90, 65, 80, 70, 100, 90, 90, 50, 75, 95, 75, 85, 75, 90, 85, 55, 85, 75, 85, 60, 65, 80, 90, 60, 85, 85, 80, 85, 70, 80, 80, 85, 85, 65, 75, 70, 60, 80, 90, 100, 80, 70, 85, 85, 70, 70, 70, 65, 85, 85, 80, 65, 85, 60, 75, 85, 75, 55, 85, 70, 60, 90, 85, 75, 70, 80, 95, 65, 85, 65, 80, 85, 80, 85, 75, 90, 80, 80, 95, 95, 85, 70, 80, 90, 85, 85, 75, 60, 60, 70, 70, 55, 60, 30, 85, 90, 80, 85, 75, 80, 90, 65, 95, 70, 85, 75, 75, 85, 75, 85, 80, 70, 90, 90, 80, 80, 80, 60, 65, 85, 70, 70, 80, 85, 90, 90, 85, 65, 75, 85, 75, 70, 60, 85, 70, 65, 70, 85, 70, 80, 65, 75, 85, 85, 85, 90, 75, 90, 90]"
123,2020-11-27 00:00:00,"[90, 75, 90, 85, 55, 50, 70, 85, 90, 80, 45, 80, 40, 85, 90, 75, 80, 80, 75, 90, 80, 75, 75, 90, 70, 90, 85, 80, 80, 35, 85, 80, 80, 80, 85, 80, 70, 70, 40, 55, 60, 70, 60, 75, 100, 90, 75, 80, 95, 90, 85, 70, 85, 50, 90, 85, 80, 90, 70, 65, 90, 80, 65, 90, 95, 90, 95, 75, 80, 70, 85, 85, 75, 95, 70, 70, 60, 65, 95, 65, 75, 90, 85, 90, 70, 95, 95, 90, 85, 35, 75, 65, 95, 85, 75, 75, 90, 85, 90, 85, 95, 85, 60, 75, 70, 55, 70, 65, 75, 85, 95, 60, 70, 75, 85, 55, 60, 85, 80, 80, 75, 70, 95, 75, 75, 65, 85, 90, 95, 85, 90, 85, 80, 80, 75]"
124,2020-11-26 00:00:00,"[70, 60, 90, 95, 85, 75, 85, 90, 70, 80, 85, 85, 90, 90, 95, 75, 90, 75, 95, 75, 95, 85, 70, 45, 80, 95, 95, 70, 85, 70, 75, 95, 90, 90, 65, 80, 75, 90, 90, 85, 80, 85, 95, 90, 90, 85, 85, 60, 80, 90, 95, 65, 70, 65, 85, 70, 80, 70, 75, 85, 70, 85, 90, 75, 85, 100, 90, 90, 50, 90, 90, 85, 70, 95, 70, 85, 80, 85, 75, 85, 85, 90, 95, 80, 90, 90, 70, 95, 85, 75, 90, 75, 75, 70, 70, 80, 95, 65, 80, 75, 80, 60, 90, 55, 70, 85, 90, 85, 85, 90, 80, 80, 70, 100, 55]"
125,2020-11-25 00:00:00,"[70, 85, 85, 45, 85, 95, 75, 70, 90, 70, 75, 80, 70, 65, 75, 85, 85, 70, 85, 65, 90, 75, 85, 85, 75, 90, 85, 75, 70, 70, 75, 85, 95, 90, 90, 85, 60, 80, 80, 60, 85, 80, 75, 75, 90, 75, 80, 40, 95, 90, 75, 70, 70, 75, 75, 90, 85, 80, 80, 80, 90, 70, 75, 85, 80, 90, 80, 85, 80, 70, 90, 50, 95, 75, 85, 95, 80, 80, 65, 70, 85, 95, 75, 65, 65, 95, 75, 65, 85, 80, 70, 65, 95, 60, 70, 85, 85, 85, 80, 85, 60, 85, 70, 25, 80, 95]"
126,2020-11-24 00:00:00,"[75, 70, 75, 70, 80, 90, 80, 90, 70, 75, 70, 90, 75, 35, 90, 80, 65, 85, 95, 80, 80, 80, 70, 75, 95, 100, 75, 70, 80, 60, 80, 90, 80, 75, 75, 85, 95, 80, 90, 85, 80, 85, 85, 65, 100, 80, 75, 60, 85, 65, 70, 70, 60, 75, 85, 100, 85, 90, 75, 70, 95, 65, 65, 70, 75, 85, 50, 75, 85, 65, 80, 75, 85, 70, 80, 100, 95, 80, 85, 70, 80, 65, 75, 75, 75, 95, 85, 100, 105, 75, 80, 55, 55, 95, 80, 75, 75, 65, 85, 90, 85, 85, 90, 55, 80, 75, 90, 75, 80, 70, 85, 70, 95, 70, 90, 70, 50]"
127,2020-11-23 00:00:00,"[75, 90, 90, 95, 75, 85, 95, 80, 80, 75, 80, 85, 75, 80, 75, 85, 85, 75, 90, 85, 100, 70, 80, 80, 65, 70, 75, 85, 90, 70, 85, 75, 85, 95, 90, 90, 70, 80, 90, 75, 85, 60, 85, 85, 65, 90, 85, 75, 70, 90, 70, 100, 70, 85, 85, 65, 70, 70, 55, 90, 90, 90, 60, 65, 75, 60, 35, 70, 75, 90, 60, 65, 90, 80, 65, 80, 85, 80, 80, 65, 80, 80, 85, 90, 65, 80, 90, 85, 90, 90, 100]"
128,2020-11-22 00:00:00,"[90, 90, 65, 85, 80, 65, 90, 70, 90, 65, 75, 85, 80, 90, 80, 70, 65, 75, 80, 65, 90, 80, 75, 50, 75, 65, 65, 70, 85, 90, 85, 80, 90, 90, 100, 60, 90, 85, 80, 35, 80, 80, 80, 80, 100, 90, 90, 90, 90, 85, 90, 70, 75, 70, 80, 65, 85, 80, 90, 75, 85, 95, 70, 95, 95, 65, 75, 95, 95, 70, 75, 85, 75, 45, 65, 90, 95, 60, 90, 90, 95, 85, 40, 95, 95, 65, 90, 85, 90, 70, 45, 55, 80, 85, 95, 85, 80, 70, 80, 90, 70, 90, 85, 65, 95, 75, 55, 65, 70, 70, 75]"
129,2020-11-21 00:00:00,"[60, 75, 85, 90, 90, 85, 70, 70, 85, 70, 85, 80, 80, 80, 90, 80, 85, 75, 100, 75, 85, 90, 65, 60, 70, 50, 50, 80, 80, 80, 85, 85, 80, 55, 70, 60, 65, 70, 70, 80, 70, 85, 80, 70, 90, 85, 95, 45, 65, 80, 95, 80, 90, 80, 70, 80, 70, 80, 70, 85, 80, 85, 85, 50, 80, 75, 90, 100, 90, 85, 70, 95, 75, 70, 85, 80, 55, 95, 75, 70, 80, 75, 90, 70, 70, 70, 75, 80, 90, 70, 75, 75, 90, 70, 85, 75, 80, 70, 70, 100, 85, 95, 75, 65, 85, 80, 75, 80, 85, 80, 70, 85, 80, 80, 80, 75, 85, 60, 85, 100, 85]"
130,2020-11-20 00:00:00,"[80, 75, 85, 90, 80, 35, 75, 55, 85, 70, 85, 75, 85, 65, 50, 85, 65, 75, 60, 85, 85, 70, 85, 75, 85, 75, 95, 80, 75, 70, 85, 75, 70, 80, 75, 75, 85, 70, 35, 90, 95, 85, 60, 90, 65, 80, 90, 90, 85, 75, 80, 70, 60, 65, 80, 50, 75, 75, 75, 80, 85, 90, 85, 85, 70, 80, 80, 80, 80, 100, 55, 85, 90, 80, 85, 90, 65, 70, 85, 75, 85, 70, 80, 90, 75, 55, 95, 85, 35, 100, 80, 80, 90, 95, 50, 85]"
131,2020-11-19 00:00:00,"[70, 90, 65, 95, 80, 70, 75, 75, 55, 75, 50, 70, 85, 80, 80, 80, 80, 100, 85, 85, 85, 85, 55, 65, 80, 75, 80, 85, 80, 85, 95, 90, 90, 65, 95, 65, 65, 80, 75, 80, 90, 80, 95, 75, 70, 65, 85, 80, 95, 95, 70, 70, 85, 85, 65, 75, 65, 95, 70, 70, 75, 90, 100, 45, 50, 70, 80, 85, 70, 70, 75, 95, 55, 65, 70, 75, 65, 80, 95, 60, 90, 70, 75, 65, 95, 70, 70, 70, 85, 95, 80, 90]"
132,2020-11-18 00:00:00,"[75, 80, 70, 85, 85, 80, 60, 75, 90, 80, 45, 85, 90, 65, 95, 95, 85, 85, 100, 90, 75, 70, 70, 55, 90, 80, 75, 90, 90, 80, 75, 55, 75, 75, 85, 80, 90, 90, 70, 85, 90, 95, 85, 75, 85, 50, 70, 75, 80, 80, 60, 60, 90, 75, 95, 80, 80, 90, 70, 80, 80, 75, 95, 80, 60, 70, 90, 80, 90, 65, 85, 70, 85, 65, 60, 85, 80, 75, 95, 65, 65, 70, 85, 105, 100, 85, 95, 90, 90, 90, 85, 80, 80, 75, 75, 85, 60, 80, 80]"
133,2020-11-17 00:00:00,"[65, 75, 30, 65, 90, 70, 80, 65, 75, 60, 90, 75, 55, 50, 85, 50, 75, 75, 85, 90, 70, 90, 75, 75, 70, 95, 95, 85, 75, 70, 75, 90, 70, 85, 75, 75, 85, 70, 85, 50, 70, 80, 90, 95, 85, 80, 70, 70, 90, 75, 75, 70, 85, 65, 60, 60, 90, 75, 65, 100, 90, 80, 85, 80, 50, 75, 90, 80, 85, 90, 70, 75, 85, 75, 95, 80, 50, 80, 70, 85, 75, 95, 90, 70, 65, 70, 95, 95, 80, 90, 90]"
134,2020-11-16 00:00:00,"[85, 75, 90, 95, 70, 90, 70, 70, 65, 70, 95, 80, 90, 90, 90, 80, 75, 85, 70, 80, 75, 75, 75, 65, 60, 90, 95, 90, 90, 95, 65, 85, 90, 80, 75, 65, 85, 85, 90, 70, 80, 90, 75, 80, 95, 75, 75, 65, 75, 65, 70, 65, 60, 65, 85, 65, 80, 80, 75, 80, 85, 75, 85, 75, 35, 65, 80, 70, 90, 80, 85, 85, 75, 70, 85, 100, 90, 85, 95, 60, 80, 75, 90, 85, 75, 70, 80, 65, 75, 75, 70, 75, 80]"
135,2020-11-15 00:00:00,"[90, 85, 85, 80, 90, 80, 85, 70, 85, 70, 95, 75, 75, 90, 90, 80, 95, 85, 85, 70, 50, 80, 90, 75, 80, 75, 75, 90, 70, 85, 95, 80, 60, 85, 90, 65, 55, 85, 95, 90, 45, 75, 80, 60, 85, 75, 90, 80, 70, 80, 50, 75, 70, 75, 85, 65, 85, 75, 85, 80, 50, 80, 80, 70, 70, 95, 65, 90, 65, 75, 65, 55, 90, 80, 85, 80, 100, 90, 70, 90, 75, 75, 70, 65, 70, 60, 80, 70, 60, 80, 85, 65, 75, 65, 85, 95, 75, 60, 75, 70, 90, 80, 70, 85, 60, 90, 100]"
136,2020-11-14 00:00:00,"[80, 75, 65, 95, 90, 90, 85, 85, 65, 70, 75, 90, 65, 75, 65, 85, 95, 80, 75, 85, 85, 65, 80, 55, 85, 85, 80, 70, 70, 85, 85, 90, 85, 55, 70, 70, 85, 80, 60, 70, 70, 80, 70, 70, 70, 70, 90, 95, 75, 80, 70, 70, 85, 55, 75, 85, 75, 85, 85, 65, 80, 75, 90, 90, 75, 65, 70, 85, 70, 90, 70, 70, 80, 85, 80, 95, 80, 65, 80, 80, 75, 80, 95, 80, 95, 70, 75, 95, 70, 80, 90, 75, 75, 60, 95, 85, 70, 90, 75, 85, 60, 80, 60, 75, 85, 85, 90]"
137,2020-11-13 00:00:00,"[90, 90, 65, 70, 80, 45, 80, 85, 75, 85, 70, 100, 85, 85, 90, 90, 80, 70, 90, 85, 90, 90, 95, 80, 80, 60, 90, 90, 70, 75, 85, 85, 70, 65, 50, 75, 75, 80, 65, 80, 85, 85, 85, 65, 45, 65, 75, 50, 90, 85, 85, 65, 50, 75, 95, 75, 60, 95, 55, 80, 65, 75, 80, 80, 80, 95, 85, 100, 85, 85, 55, 80, 85, 90, 85, 80, 85, 75, 75, 70, 80, 50, 80, 70, 70, 95, 90, 90, 55, 65, 65, 75, 90, 90, 90, 85, 75, 70, 90]"
138,2020-11-12 00:00:00,"[85, 90, 60, 75, 90, 90, 85, 65, 25, 85, 70, 70, 85, 55, 60, 90, 90, 75, 85, 80, 80, 85, 70, 75, 70, 80, 75, 80, 80, 90, 80, 90, 75, 65, 80, 50, 75, 90, 70, 75, 85, 75, 80, 70, 90, 75, 80, 75, 70, 80, 70, 70, 70, 75, 70, 85, 85, 100, 80, 60, 80, 75, 60, 95, 80, 80, 85, 85, 65, 85, 90, 90, 70, 80, 75, 85, 85, 70, 85, 65, 80, 80, 60, 70, 65, 70, 90]"
139,2020-11-11 00:00:00,"[65, 80, 80, 75, 70, 70, 65, 85, 80, 80, 80, 95, 95, 90, 75, 85, 100, 90, 75, 95, 90, 80, 80, 75, 80, 55, 75, 75, 85, 75, 35, 85, 45, 95, 75, 80, 80, 50, 85, 85, 80, 55, 95, 95, 90, 85, 80, 45, 95, 80, 85, 80, 75, 75, 95, 85, 75, 100, 95, 75, 75, 80, 95, 90, 100, 90, 75, 85, 95, 90, 95, 75, 75, 90, 75, 80, 80, 75, 75, 85, 75, 100, 80, 90, 65, 75, 80, 90, 80, 70, 85, 60, 85, 85, 70, 90, 85, 80, 80, 95, 80]"
140,2020-11-10 00:00:00,"[85, 90, 70, 85, 50, 60, 80, 85, 80, 85, 90, 90, 85, 100, 85, 70, 80, 75, 85, 95, 70, 90, 85, 70, 75, 85, 80, 75, 70, 90, 95, 95, 90, 65, 85, 90, 75, 85, 70, 75, 65, 70, 85, 65, 80, 90, 90, 85, 95, 90, 70, 75, 75, 70, 95, 35, 70, 85, 75, 65, 80, 85, 75, 90, 100, 65, 80, 85, 80, 85, 85, 80, 70, 70, 55, 90, 75, 75, 90, 75, 80, 80, 80, 60, 95, 85, 95, 90, 75, 65, 95, 75, 60, 50, 50, 95, 90, 70, 80, 90, 70, 70, 70]"
141,2020-11-09 00:00:00,"[80, 80, 60, 70, 65, 80, 85, 80, 75, 90, 80, 90, 90, 75, 90, 60, 80, 90, 80, 90, 95, 75, 80, 85, 85, 70, 65, 90, 70, 80, 85, 55, 90, 85, 80, 80, 95, 35, 60, 85, 80, 90, 95, 55, 85, 70, 55, 90, 85, 80, 85, 80, 80, 90, 65]"
142,2020-11-08 00:00:00,"[90, 80, 75, 95, 75, 90, 75, 70, 85, 90, 95, 85, 85, 75, 70, 55, 70, 80, 75, 90, 90, 90, 95, 80, 85, 80, 80, 65, 90, 40, 80, 90, 90, 75, 90, 85, 65, 75, 70, 80, 90, 85, 85, 85, 80, 90, 90, 100, 70, 35, 90, 90, 65, 90, 90, 75, 85, 95, 80, 55, 55, 90, 95, 80, 80, 70, 70, 90, 90, 85, 90, 75, 80, 90, 70, 95, 85, 50, 75, 85, 60]"
143,2020-11-07 00:00:00,"[95, 80, 90, 75, 80, 75, 75, 90, 80, 95, 85, 65, 80, 80, 85, 100, 80, 40, 70, 90, 80, 80, 95, 70, 75, 80, 65, 60, 85, 65, 70, 90, 60, 85, 70, 90, 80, 75, 80, 90, 85, 90, 95, 85, 80, 95, 85, 85, 95, 50, 80, 90, 80, 85, 70, 85, 95, 80, 75, 80, 70, 65, 85, 55, 95, 90, 75, 45, 85, 80, 80, 90, 90, 90, 80, 90, 75, 80, 80, 85, 45, 90, 75, 75, 90, 85, 60, 65, 80, 75, 95, 90, 70, 55, 55, 80, 95, 70, 75, 80, 85, 75, 80, 65, 75, 70, 75]"
144,2020-11-06 00:00:00,"[85, 90, 65, 85, 65, 45, 75, 85, 75, 80, 65, 70, 95, 75, 90, 80, 85, 80, 85, 70, 90, 80, 70, 85, 85, 80, 70, 80, 85, 85, 90, 80, 50, 80, 75, 80, 70, 90, 85, 65, 55, 80, 90, 80, 70, 80, 85, 90, 85, 85, 80, 50, 65, 70, 95, 80, 90, 65, 65, 90, 95, 70, 80, 55, 85, 90, 85, 90, 90, 80, 90, 85, 70, 95, 75, 60, 65, 100, 90, 80, 75, 75, 85, 80, 85, 75, 85, 80, 80, 80, 90, 65, 95, 45, 85, 60, 90, 90, 95, 75, 60, 70, 70]"
145,2020-11-05 00:00:00,"[95, 70, 80, 85, 80, 85, 75, 85, 70, 70, 65, 85, 70, 80, 70, 80, 85, 90, 75, 90, 95, 50, 70, 75, 75, 75, 85, 50, 80, 70, 95, 85, 80, 85, 85, 90, 85, 70, 70, 85, 65, 70, 90, 85, 85, 80, 90, 55, 90, 80, 70, 75, 90, 85, 75, 95, 60, 95, 80, 85, 65, 75, 90, 85, 90, 70, 85, 90, 90, 75, 70, 70, 80, 80, 75, 90, 85, 90, 50, 70, 90, 95, 85, 70]"
146,2020-11-04 00:00:00,"[85, 85, 80, 35, 75, 60, 85, 90, 80, 60, 80, 90, 65, 85, 95, 70, 85, 70, 65, 80, 70, 65, 80, 75, 90, 80, 75, 85, 75, 85, 55, 95, 95, 80, 60, 60, 70, 65, 65, 90, 60, 80, 75, 90, 80, 75, 90, 75, 95, 70, 90, 90, 90, 60, 70, 85, 90, 50, 75, 70, 75, 80, 65, 70, 70, 85, 85, 60, 90, 90, 85, 60, 80, 90, 90, 85, 80, 85, 30, 95, 85, 80, 90, 80, 75, 85, 60, 70, 100, 85]"
147,2020-11-03 00:00:00,"[75, 70, 90, 65, 80, 85, 80, 80, 90, 75, 65, 95, 85, 95, 90, 70, 80, 75, 85, 70, 65, 85, 90, 75, 80, 85, 85, 70, 60, 90, 80, 70, 90, 85, 85, 70, 70, 85, 85, 80, 80, 80, 90, 80, 85, 85, 105, 85, 85, 90, 95, 85, 95, 85, 90, 90, 95, 90, 85, 85, 75, 80, 75, 60, 95, 90, 85, 70, 85, 70, 80, 75, 75, 75, 90, 90, 70, 70, 65, 85, 95, 85, 70, 80]"
148,2020-11-02 00:00:00,"[85, 55, 65, 75, 50, 60, 80, 100, 95, 70, 90, 60, 90, 85, 60, 70, 85, 85, 95, 90, 90, 85, 60, 90, 30, 50, 90, 90, 85, 85, 80, 85, 85, 85, 85, 70, 65, 90, 95, 95, 75, 85, 50, 95, 90, 80, 70, 90, 90, 60, 80, 80, 90, 80, 75, 75, 80, 80, 85, 90, 80, 75, 85, 80, 95, 80, 70, 80, 95, 50]"
149,2020-11-01 00:00:00,"[80, 90, 90, 80, 85, 60, 60, 70, 90, 85, 70, 90, 70, 80, 80, 70, 85, 65, 70, 65, 85, 80, 75, 90, 95, 90, 100, 85, 85, 100, 70, 80, 85, 90, 70, 75, 60, 75, 90, 100, 80, 80, 55, 85, 90, 60, 75, 90, 65, 80, 65, 80, 85, 85, 95, 75, 80, 60, 65, 80, 80, 85, 60, 80, 70, 95, 90, 85, 100]"
150,2020-10-31 00:00:00,"[75, 90, 85, 85, 75, 70, 60, 75, 60, 90, 95, 70, 55, 65, 95, 80, 65, 95, 75, 85, 65, 70, 75, 70, 80, 80, 90, 70, 75, 70, 90, 75, 85, 100, 90, 90, 55, 75, 85, 65, 35, 80, 90, 85, 75, 95, 85, 85, 70, 85, 85]"
151,2020-10-30 00:00:00,"[80, 65, 35, 90, 75, 75, 70, 70, 85, 85, 55, 95, 90, 65, 50, 90, 65, 90, 80, 75, 80, 85, 80, 85, 90, 90, 95, 85, 95, 75, 95, 55, 75, 75, 80, 70, 75, 90, 75, 85, 85, 70, 75, 75, 70, 35, 85, 75, 60, 75, 75, 85, 80, 60, 65, 80, 80, 70, 70, 60, 100, 70, 70, 80, 45]"
152,2020-10-29 00:00:00,"[90, 95, 80, 100, 95, 75, 40, 85, 80, 70, 90, 80, 70, 75, 55, 90, 80, 90, 75, 70, 80, 50, 95, 75, 85, 90, 80, 60, 80, 95, 75, 85, 65, 70, 85, 80, 75, 75, 85, 70, 75, 65, 95, 70, 45, 80, 80, 90, 65, 70, 80, 80, 90, 95, 65, 90]"
153,2020-10-28 00:00:00,"[75, 75, 70, 80, 90, 85, 75, 80, 75, 100, 40, 85, 90, 75, 65, 90, 90, 95, 65, 70, 90, 65, 50, 65, 85, 80, 65, 80, 85, 95, 85, 95, 75, 75, 70, 75, 90, 75, 80, 75, 95, 70, 65]"
154,2020-10-27 00:00:00,"[85, 95, 85, 95, 65, 70, 85, 80, 90, 65, 85, 80, 70, 70, 50, 65, 85, 90, 90, 90, 85, 90, 75, 65, 90, 90, 90, 70, 85, 75, 80, 90, 70, 65, 90, 90, 80, 90, 70, 80, 65, 75, 90, 65, 70, 60, 70, 75, 80, 80, 85, 95, 70, 85, 90, 90, 75, 95, 85, 90, 90, 95, 85]"
155,2020-10-26 00:00:00,"[60, 65, 100, 80, 95, 75, 85, 90, 85, 65, 55, 70, 90, 90, 50, 80, 80, 85, 75, 75, 80, 80, 90, 85, 90, 65, 95, 85, 85, 80, 95, 75, 85, 75, 70, 85, 70, 80, 80, 95, 65, 85, 85, 75, 85, 75, 70]"
156,2020-10-25 00:00:00,"[70, 95, 85, 65, 60, 70, 85, 85, 75, 50, 80, 85, 90, 80, 75, 85, 90, 80, 50, 70, 55, 85, 65, 85, 80, 75, 85, 35, 85, 80, 65, 80, 70, 65, 95]"
157,2020-10-24 00:00:00,"[65, 75, 85, 90, 90, 75, 75, 85, 85, 70, 80, 80, 90, 75, 50, 75, 80, 85, 75, 100, 85, 75, 80, 70, 85, 75, 85, 70, 90, 70, 80, 85, 85, 95, 95, 90, 60, 80]"
158,2020-10-23 00:00:00,"[75, 65, 60, 85, 70, 90, 80, 90, 75, 80, 85, 85, 85, 75, 90, 100, 70, 65, 45, 85, 95, 90, 85, 35, 95, 80, 90, 90, 85, 80, 90, 85, 95, 80, 85, 80, 100, 80, 75, 65, 80, 85, 80, 85, 65, 70, 70]"
159,2020-10-22 00:00:00,"[90, 95, 80, 70, 90, 100, 90, 70, 65, 70, 80, 95, 75, 65, 60, 80, 85, 95, 70, 85, 90, 90, 85, 90, 100, 90, 75, 75, 90, 75, 100, 80, 75, 90, 90, 95, 85, 90, 65, 65, 75, 70, 60, 95, 85, 80]"
160,2020-10-21 00:00:00,"[70, 95, 50, 95, 75, 85, 75, 90, 90, 95, 90, 85, 85, 80, 65, 90, 80, 80, 90, 70, 85, 90, 80, 70, 80, 95, 90, 90, 65, 75, 90, 95, 80, 75, 90, 75, 85, 85, 90, 60, 70, 75, 75, 90, 85, 75, 70, 60]"
161,2020-10-20 00:00:00,"[75, 90, 90, 85, 65, 85, 70, 60, 90, 75, 75, 75, 75, 80, 90, 55, 70, 75, 80, 80, 90, 85, 85, 85, 90, 90, 95, 45, 100, 85, 65, 85, 90, 85, 80, 90, 100, 80]"
162,2020-10-19 00:00:00,"[85, 95, 65, 90, 80, 40, 95, 70, 75, 90, 95, 75, 90, 80, 100, 85, 75, 50, 85, 90, 75, 75, 80, 65, 65, 85, 95, 65, 90, 95, 65]"
163,2020-10-18 00:00:00,"[90, 70, 80, 75, 80, 70, 75, 80, 90, 65, 75, 80, 90, 70, 85, 90, 85, 70, 90, 70, 95, 90, 65, 90, 60, 60, 85, 75, 80, 85, 90, 85, 55]"
164,2020-10-17 00:00:00,"[95, 95, 90, 80, 85, 60, 90, 75, 80, 90, 95, 75, 90, 90, 90, 85, 70, 85, 80, 80, 65, 75, 75, 90]"
165,2020-10-16 00:00:00,"[25, 90, 90, 90, 85, 85, 70, 70, 65, 70, 70, 80, 80, 75, 70, 90, 85, 75, 90, 85, 80, 80, 95, 85, 85, 80, 70, 65, 80, 70, 85, 90, 65]"
166,2020-10-15 00:00:00,"[70, 65, 70, 75, 85, 90, 90, 65, 65, 100, 90, 70, 80, 80, 75, 65, 80, 85, 90, 70, 75, 90, 65, 65, 75, 65, 85, 70, 90]"
167,2020-10-14 00:00:00,"[90, 90, 65, 85, 95, 70, 80, 90, 75, 95, 75, 70, 90, 80, 80, 70, 90, 95, 90, 75, 95, 90, 85, 70, 95, 90, 80]"
168,2020-10-13 00:00:00,"[75, 80, 90, 95, 65, 90, 80, 85, 80, 85, 70, 85, 75, 70, 80, 85, 75, 80, 75, 65, 85, 70, 80, 65, 60, 75, 75, 65]"
169,2020-10-12 00:00:00,"[70, 75, 80, 75, 80, 70, 65, 65, 80, 80, 75, 80, 60, 70]"
170,2020-10-11 00:00:00,"[80, 85, 75, 85, 70, 80, 70, 100, 90, 90, 90, 75, 85, 45, 65, 95, 80, 95, 95, 85, 85]"
171,2020-10-10 00:00:00,"[80, 90, 85, 85, 90, 80, 80, 75, 80, 65, 80, 70, 80, 80, 85, 75, 85, 80, 65, 80]"
172,2020-10-09 00:00:00,"[95, 70, 90, 95, 95, 40, 85, 90, 60, 90, 70, 90, 70, 70, 90]"
173,2020-10-08 00:00:00,"[75, 75, 50, 65, 40, 80, 65, 70, 90, 95, 95, 80, 80, 80, 90, 55, 75, 80, 85, 80, 75]"
174,2020-10-07 00:00:00,"[80, 70, 85, 25, 75, 65, 75, 80, 75, 80, 85, 85, 85, 80, 60, 60, 75, 85, 85, 55, 60, 90, 85, 80]"
175,2020-10-06 00:00:00,"[85, 80, 85, 80, 70, 55, 85, 90, 65, 85, 95, 70, 90, 45, 80, 85, 70, 70, 90, 90]"
176,2020-10-05 00:00:00,"[85, 75, 80, 80, 85, 75, 70, 80, 85, 80, 75]"
177,2020-10-04 00:00:00,"[85, 85, 70, 80, 80, 75, 85, 80, 80, 85]"
178,2020-10-03 00:00:00,"[95, 70, 65, 70, 80, 60, 75, 75, 70, 60, 75, 90, 80, 85]"
179,2020-10-02 00:00:00,"[75, 85, 100, 80, 85, 80, 85, 95, 100, 75, 80, 70, 85, 90, 75, 65, 60]"
180,2020-10-01 00:00:00,"[80, 85, 75, 65, 75, 70, 75, 75, 80, 70, 70, 50, 85, 75, 80, 45]"
181,2020-09-30 00:00:00,"[75, 75, 55, 60, 75, 80, 80, 65]"
182,2020-09-29 00:00:00,"[95, 80, 85, 70, 65, 70, 70, 70]"
183,2020-09-28 00:00:00,"[90, 70, 80, 85, 90, 70, 80, 85, 80, 85, 80, 55, 80]"
184,2020-09-27 00:00:00,"[80, 85, 95, 90, 75, 35]"
185,2020-09-26 00:00:00,"[85, 85, 80, 85, 70, 80, 85, 75, 65, 55, 50, 90]"
186,2020-09-25 00:00:00,"[85, 75, 90, 95, 80, 60, 90, 70, 80]"
187,2020-09-24 00:00:00,"[85, 80, 85, 45, 80, 85, 70]"
188,2020-09-23 00:00:00,"[70, 65, 65, 70, 70, 50, 70, 65]"
189,2020-09-22 00:00:00,"[70, 95, 80, 55, 80, 40, 70, 55]"
190,2020-09-21 00:00:00,"[60, 75, 90]"
191,2020-09-20 00:00:00,"[65, 75, 70, 85, 65, 75, 55, 80]"
192,2020-09-19 00:00:00,"[75, 75, 70, 60, 75, 85]"
193,2020-09-18 00:00:00,"[70, 90, 85, 80, 95, 80]"
194,2020-09-17 00:00:00,"[75, 85, 90, 90, 75, 80, 90, 45, 85]"
195,2020-09-16 00:00:00,"[90, 75, 90, 85, 65, 70, 90, 90]"
196,2020-09-15 00:00:00,"[90, 75, 80, 75]"
197,2020-09-14 00:00:00,"[70, 80, 65, 75, 90]"
198,2020-09-13 00:00:00,"[55, 70, 95, 95]"
199,2020-09-12 00:00:00,"[75, 90]"
200,2020-09-11 00:00:00,[85]
201,2020-09-10 00:00:00,"[85, 80]"
202,2020-09-09 00:00:00,"[75, 105]"
203,2020-09-08 00:00:00,[85]
204,2020-09-07 00:00:00,[60]
205,2020-09-05 00:00:00,"[60, 95, 90]"
206,2020-09-04 00:00:00,[85]
207,2020-09-03 00:00:00,[80]
208,2020-09-02 00:00:00,"[75, 90, 65]"
209,2020-09-01 00:00:00,[75]
210,2020-08-31 00:00:00,[70]
211,2020-08-25 00:00:00,[95]
212,2020-08-23 00:00:00,"[70, 90]"
213,2020-08-21 00:00:00,"[85, 70]"
214,2020-08-18 00:00:00,[80]
215,2020-08-16 00:00:00,[85]
216,2020-08-13 00:00:00,"[90, 85]"
217,2020-08-10 00:00:00,"[80, 60, 70]"
218,2020-08-07 00:00:00,"[70, 75]"
219,2020-08-06 00:00:00,[70]
220,2020-08-05 00:00:00,[90]
221,2020-08-04 00:00:00,[80]
222,2020-08-01 00:00:00,[55]
223,2020-07-18 00:00:00,[80]
224,2020-07-11 00:00:00,"[75, 75]"
225,2020-07-10 00:00:00,"[70, 85]"
226,2020-07-09 00:00:00,"[75, 80]"
227,2020-07-04 00:00:00,[55]
228,2020-07-03 00:00:00,[75]
229,2020-07-02 00:00:00,[90]
230,2020-07-01 00:00:00,[85]
231,2020-06-29 00:00:00,"[90, 90, 95, 75]"
232,2020-06-28 00:00:00,"[80, 65, 90]"
233,2020-06-26 00:00:00,[80]
234,2020-06-25 00:00:00,[40]
235,2020-06-24 00:00:00,"[80, 60, 80]"
236,2020-06-23 00:00:00,[105]
237,2020-06-22 00:00:00,"[95, 80]"
238,2020-06-20 00:00:00,"[90, 75]"
239,2020-06-18 00:00:00,[75]
240,2020-06-17 00:00:00,"[80, 95]"
241,2020-06-16 00:00:00,"[80, 90]"
242,2020-06-15 00:00:00,[105]
243,2020-06-14 00:00:00,"[85, 95, 80]"
244,2020-06-13 00:00:00,"[80, 45, 85, 85]"
245,2020-06-12 00:00:00,"[70, 85]"
246,2020-06-11 00:00:00,"[70, 90]"
247,2020-06-10 00:00:00,[40]
248,2020-06-09 00:00:00,"[90, 90]"
249,2020-06-08 00:00:00,[85]
250,2020-06-07 00:00:00,[80]
251,2020-06-06 00:00:00,"[90, 80, 65]"
252,2020-06-05 00:00:00,"[80, 80, 85]"
253,2020-06-04 00:00:00,"[50, 95, 85, 60, 90]"
254,2020-06-03 00:00:00,"[70, 55]"
255,2020-06-02 00:00:00,"[85, 95, 75, 90, 90]"
256,2020-06-01 00:00:00,[95]
257,2020-05-31 00:00:00,"[70, 90]"
258,2020-05-30 00:00:00,"[95, 80, 85, 70, 70, 95, 85]"
259,2020-05-29 00:00:00,"[85, 90, 100, 70, 95, 75, 90, 40]"
260,2020-05-28 00:00:00,"[80, 65, 90, 95]"
261,2020-05-27 00:00:00,"[65, 85, 85, 95, 90, 95]"
262,2020-05-26 00:00:00,"[80, 95, 90, 80, 75, 90, 75, 90]"
263,2020-05-25 00:00:00,"[70, 70, 80, 85, 85]"
264,2020-05-24 00:00:00,"[85, 90, 90, 60]"
265,2020-05-23 00:00:00,"[60, 75, 80, 90, 75, 90]"
266,2020-05-22 00:00:00,"[75, 85, 80]"
267,2020-05-21 00:00:00,"[70, 75, 85]"
268,2020-05-20 00:00:00,"[65, 70, 65]"
269,2020-05-19 00:00:00,"[70, 70, 75, 90, 75]"
270,2020-05-18 00:00:00,"[90, 70, 95, 70, 80, 80, 55, 85, 95, 80, 70]"
271,2020-05-17 00:00:00,"[95, 85, 80]"
272,2020-05-16 00:00:00,"[100, 85, 95, 80, 90, 80]"
273,2020-05-15 00:00:00,"[90, 80, 65, 90, 65, 75]"
274,2020-05-14 00:00:00,"[90, 80, 60, 70, 85, 90]"
275,2020-05-13 00:00:00,"[85, 100, 80, 90, 90]"
276,2020-05-12 00:00:00,"[80, 90, 70, 80]"
277,2020-05-11 00:00:00,"[75, 55, 90, 75, 70, 90, 70, 70]"
278,2020-05-10 00:00:00,"[80, 75, 75, 80, 90, 80, 90, 75]"
279,2020-05-09 00:00:00,"[80, 80, 70, 80, 80, 50, 80, 80, 90, 95, 90, 70, 95]"
280,2020-05-08 00:00:00,"[85, 75, 90, 70, 90, 90, 95, 90, 65]"
281,2020-05-07 00:00:00,"[95, 80, 95, 75, 85, 80, 80, 85, 90, 80]"
282,2020-05-06 00:00:00,"[90, 60, 75, 85, 65, 70, 85, 85, 95, 70]"
283,2020-05-05 00:00:00,"[85, 90, 95, 90, 75, 90, 75, 75, 90, 85, 85, 95]"
284,2020-05-04 00:00:00,"[60, 90, 90, 100, 75, 80, 65, 100, 85, 90, 70]"
285,2020-05-03 00:00:00,"[85, 75, 75, 65, 80]"
286,2020-05-02 00:00:00,"[80, 70, 80, 80, 70, 95, 85, 35, 80, 75, 90, 55]"
287,2020-05-01 00:00:00,"[80, 70, 80, 80, 75, 55, 95, 80, 80, 70, 85]"
288,2020-04-30 00:00:00,"[70, 75, 75, 90, 90, 80, 85, 80, 80, 80, 95, 85]"
289,2020-04-29 00:00:00,"[80, 65, 90, 85, 45, 80, 85, 65, 70]"
290,2020-04-28 00:00:00,"[80, 85, 60, 75, 100, 95, 85, 60, 80, 65, 85]"
291,2020-04-27 00:00:00,"[90, 80, 90, 90, 70, 65, 90, 85]"
292,2020-04-26 00:00:00,"[85, 85, 40, 90, 90, 60, 80, 85, 90, 90]"
293,2020-04-25 00:00:00,"[75, 80, 75, 85, 85, 90, 95, 45, 90, 95, 85, 85]"
294,2020-04-24 00:00:00,"[95, 95, 80, 75, 90, 90, 95, 100, 65, 90, 65]"
295,2020-04-23 00:00:00,"[90, 90, 80, 90, 75, 75, 95, 70, 85, 85, 90, 90, 80, 100]"
296,2020-04-22 00:00:00,"[65, 75, 90, 70, 90, 90, 90, 70, 100, 80, 95, 75]"
297,2020-04-21 00:00:00,"[90, 75, 70, 65, 80, 85, 65, 75, 90, 70, 85, 85, 80, 85]"
298,2020-04-20 00:00:00,"[80, 80, 85, 90, 90, 85, 75, 95, 75, 90]"
299,2020-04-19 00:00:00,"[95, 85, 80, 85, 70, 75, 90, 75, 75, 85, 80, 90, 80, 90, 60, 85, 70]"
300,2020-04-18 00:00:00,"[70, 45, 85, 95, 80, 85, 80, 95, 75, 85, 90, 90, 95, 80, 80, 95]"
301,2020-04-17 00:00:00,"[85, 95, 85, 80, 95, 85, 80, 75, 95, 75, 80, 70, 85, 70]"
302,2020-04-16 00:00:00,"[85, 55, 85, 70, 85, 80, 95, 85]"
303,2020-04-15 00:00:00,"[85, 70, 65, 70, 85, 90, 90, 70, 85, 80, 85, 80]"
304,2020-04-14 00:00:00,"[90, 80, 75, 100, 80, 90, 70, 85, 100, 80, 90, 90, 65]"
305,2020-04-13 00:00:00,"[90, 80, 90, 70, 50, 80, 85, 80, 95, 85]"
306,2020-04-12 00:00:00,"[70, 95, 80, 90, 95, 80, 75, 85, 90, 80, 80, 90, 95, 90]"
307,2020-04-11 00:00:00,"[80, 60, 95, 85, 85, 65, 95, 90]"
308,2020-04-10 00:00:00,"[65, 75, 90, 80, 75, 60, 90, 70, 65, 90, 70]"
309,2020-04-09 00:00:00,"[80, 75, 90, 90, 95, 80, 50, 80]"
310,2020-04-08 00:00:00,"[70, 85, 90, 75, 70, 80, 50, 75, 80, 70, 80]"
311,2020-04-07 00:00:00,"[75, 95, 85, 85, 80, 70, 75, 85, 70]"
312,2020-04-06 00:00:00,"[65, 80, 75, 95]"
313,2020-04-05 00:00:00,"[65, 90]"
314,2020-04-04 00:00:00,"[85, 90, 80, 90, 85, 80]"
315,2020-04-03 00:00:00,"[55, 85, 90, 80, 85]"
316,2020-04-02 00:00:00,[90]
317,2020-04-01 00:00:00,"[75, 95, 70, 70]"
318,2020-03-31 00:00:00,"[90, 60]"
319,2020-03-30 00:00:00,"[95, 95]"
320,2020-03-29 00:00:00,"[90, 75]"
321,2020-03-28 00:00:00,[85]
322,2020-03-25 00:00:00,[80]
323,2020-03-24 00:00:00,[95]
324,2020-03-23 00:00:00,"[55, 40]"
325,2020-03-22 00:00:00,"[45, 70]"
326,2020-03-20 00:00:00,"[80, 75, 70]"
327,2020-03-16 00:00:00,[80]
