,D√ÅTUM,5,25,45,65,85,105
0,2021-03-30 00:00:00,0.0,0.0,2.1491687910603173e-06,2.1425835808463742e-05,0.00010824441095974661,0.0002677993587693132
1,2021-03-29 00:00:00,0.0,0.0,2.865558388080423e-06,1.8365002121540348e-05,7.072788216119807e-05,0.0001338996793846566
2,2021-03-28 00:00:00,0.0,0.0,2.865558388080423e-06,1.645198106721323e-05,8.302838340662382e-05,0.00025292161661546244
3,2021-03-27 00:00:00,0.0,0.0,2.1491687910603173e-06,2.6782294760579675e-05,9.163873427842184e-05,0.00020828839015391023
4,2021-03-26 00:00:00,0.0,0.0,2.5073635895703703e-06,2.1043231597598316e-05,0.00010824441095974661,0.00027523822984623853
5,2021-03-25 00:00:00,0.0,0.0,5.0147271791407405e-06,2.219104423019459e-05,9.90190350256773e-05,0.00029011597200008927
6,2021-03-24 00:00:00,0.0,0.0,2.1491687910603173e-06,1.9895418965002047e-05,9.532888465204957e-05,0.0002677993587693132
7,2021-03-23 00:00:00,0.0,4.7516999206466113e-07,2.5073635895703703e-06,1.6834585278078652e-05,9.778898490113472e-05,0.00030499371415394
8,2021-03-22 00:00:00,0.0,4.7516999206466113e-07,2.1491687910603173e-06,1.721718948894408e-05,7.072788216119807e-05,0.00016365516369235805
9,2021-03-21 00:00:00,0.0,0.0,1.0745843955301586e-06,1.5686772645482383e-05,7.072788216119807e-05,0.0002603604876923878
10,2021-03-20 00:00:00,0.0,4.7516999206466113e-07,2.865558388080423e-06,1.6834585278078652e-05,8.733355884252283e-05,0.0002380438744616117
11,2021-03-19 00:00:00,0.0,0.0,1.0745843955301586e-06,1.951281475413662e-05,8.118330821980996e-05,0.0002008495190769849
12,2021-03-18 00:00:00,0.0,0.0,2.1491687910603173e-06,1.8747606332405774e-05,7.441803253482579e-05,0.00023060500338468635
13,2021-03-17 00:00:00,0.0,0.0,1.0745843955301586e-06,1.5304168434616956e-05,7.810818290845352e-05,0.00018597177692313414
14,2021-03-16 00:00:00,0.0,0.0,3.581947985100529e-07,1.1860730536828142e-05,5.4737230542144594e-05,0.00016365516369235805
15,2021-03-15 00:00:00,0.0,0.0,7.163895970201058e-07,1.0712917904231871e-05,5.1047080168516866e-05,0.0001338996793846566
16,2021-03-14 00:00:00,0.0,0.0,1.0745843955301586e-06,1.4921564223751533e-05,6.027245610258618e-05,0.00016365516369235805
17,2021-03-13 00:00:00,0.0,0.0,2.1491687910603173e-06,1.5686772645482383e-05,5.6582305728958454e-05,0.00017853290584620877
18,2021-03-12 00:00:00,0.0,4.7516999206466113e-07,1.0745843955301586e-06,1.1478126325962719e-05,4.7356929794889145e-05,0.00014133855046158196
19,2021-03-11 00:00:00,0.0,0.0,1.4327791940402116e-06,1.1478126325962719e-05,6.949783203665549e-05,0.00018597177692313414
20,2021-03-10 00:00:00,0.0,0.0,1.4327791940402116e-06,1.6069376856347806e-05,6.580768166302777e-05,0.00019341064800005952
21,2021-03-09 00:00:00,0.0,0.0,1.7909739925502646e-06,1.262593895855899e-05,5.3507180417602015e-05,0.0002454827455385371
22,2021-03-08 00:00:00,0.0,0.0,1.0745843955301586e-06,8.034688428173903e-06,4.1821704234447557e-05,0.00017109403476928343
23,2021-03-07 00:00:00,0.0,0.0,3.581947985100529e-07,7.269480006443055e-06,4.305175435899013e-05,0.0001338996793846566
24,2021-03-06 00:00:00,0.0,0.0,1.0745843955301586e-06,1.2243334747693567e-05,5.2892155355330726e-05,0.00018597177692313414
25,2021-03-05 00:00:00,0.0,0.0,3.581947985100529e-07,1.0712917904231871e-05,5.535225560441588e-05,0.00017853290584620877
26,2021-03-04 00:00:00,0.0,0.0,1.0745843955301586e-06,1.3008543169424415e-05,5.4122205479873305e-05,0.0002008495190769849
27,2021-03-03 00:00:00,0.0,0.0,7.163895970201058e-07,1.0712917904231871e-05,4.6741904732617856e-05,0.00022316613230776098
28,2021-03-02 00:00:00,0.0,4.7516999206466113e-07,1.4327791940402116e-06,5.3564589521159356e-06,5.2277130293059444e-05,0.00019341064800005952
29,2021-03-01 00:00:00,0.0,0.0,7.163895970201058e-07,7.269480006443055e-06,3.198130323810695e-05,8.182758184617903e-05
30,2021-02-28 00:00:00,0.0,0.0,0.0,1.5304168434616958e-06,3.198130323810695e-05,0.00011902193723080585
31,2021-02-27 00:00:00,0.0,0.0,3.581947985100529e-07,6.886875795577631e-06,3.690150373627725e-05,0.00020828839015391023
32,2021-02-26 00:00:00,0.0,0.0,7.163895970201058e-07,5.7390631629813595e-06,4.366677942126142e-05,0.0002603604876923878
33,2021-02-25 00:00:00,0.0,0.0,0.0,8.034688428173903e-06,4.4281804483532706e-05,0.0002008495190769849
34,2021-02-24 00:00:00,0.0,0.0,7.163895970201058e-07,5.7390631629813595e-06,3.813155386081983e-05,0.00017109403476928343
35,2021-02-23 00:00:00,0.0,0.0,0.0,6.886875795577631e-06,4.243672929671884e-05,0.00011902193723080585
36,2021-02-22 00:00:00,0.0,0.0,0.0,1.5304168434616958e-06,1.722070174359605e-05,0.00011902193723080585
37,2021-02-21 00:00:00,0.0,0.0,0.0,1.9130210543271195e-06,1.8450751868138625e-05,8.926645292310439e-05
38,2021-02-20 00:00:00,0.0,0.0,1.0745843955301586e-06,6.504271584712207e-06,4.243672929671884e-05,0.0001338996793846566
39,2021-02-19 00:00:00,0.0,0.0,3.581947985100529e-07,4.208646319519663e-06,4.797195485716043e-05,0.0001487774215385073
40,2021-02-18 00:00:00,0.0,0.0,0.0,5.3564589521159356e-06,3.997662904763369e-05,0.00018597177692313414
41,2021-02-17 00:00:00,0.0,0.0,1.0745843955301586e-06,4.973854741250512e-06,3.690150373627725e-05,0.0001338996793846566
42,2021-02-16 00:00:00,0.0,0.0,1.0745843955301586e-06,2.6782294760579678e-06,2.7061102739936652e-05,0.00023060500338468635
43,2021-02-15 00:00:00,0.0,0.0,0.0,2.6782294760579678e-06,1.783572680586734e-05,7.438871076925365e-05
44,2021-02-14 00:00:00,0.0,0.0,1.0745843955301586e-06,6.504271584712207e-06,2.1525877179495064e-05,0.00011158306615388049
45,2021-02-13 00:00:00,0.0,0.0,0.0,4.208646319519663e-06,3.93616039853624e-05,0.0001338996793846566
46,2021-02-12 00:00:00,0.0,4.7516999206466113e-07,1.4327791940402116e-06,5.3564589521159356e-06,3.690150373627725e-05,0.0001487774215385073
47,2021-02-11 00:00:00,0.0,0.0,7.163895970201058e-07,3.0608336869233917e-06,4.305175435899013e-05,0.00012646080830773122
48,2021-02-10 00:00:00,0.0,0.0,0.0,7.269480006443055e-06,3.44414034871921e-05,0.00017109403476928343
49,2021-02-09 00:00:00,0.0,0.0,0.0,4.973854741250512e-06,3.382637842492082e-05,0.00019341064800005952
50,2021-02-08 00:00:00,0.0,0.0,3.581947985100529e-07,3.4434378977888156e-06,2.1525877179495064e-05,0.0001487774215385073
51,2021-02-07 00:00:00,0.0,0.0,7.163895970201058e-07,2.6782294760579678e-06,2.275592730403764e-05,0.0001338996793846566
52,2021-02-06 00:00:00,0.0,0.0,3.581947985100529e-07,5.3564589521159356e-06,3.321135336264953e-05,0.0002008495190769849
53,2021-02-05 00:00:00,0.0,0.0,7.163895970201058e-07,7.269480006443055e-06,3.382637842492082e-05,0.00016365516369235805
54,2021-02-04 00:00:00,0.0,0.0,0.0,3.4434378977888156e-06,3.628647867400597e-05,0.00018597177692313414
55,2021-02-03 00:00:00,0.0,0.0,7.163895970201058e-07,5.7390631629813595e-06,3.198130323810695e-05,0.00010414419507695512
56,2021-02-02 00:00:00,0.0,0.0,1.0745843955301586e-06,4.208646319519663e-06,2.9521202989021802e-05,0.00011902193723080585
57,2021-02-01 00:00:00,0.0,0.0,0.0,3.826042108654239e-06,2.2140902241766353e-05,5.9510968615402924e-05
58,2021-01-31 00:00:00,0.0,0.0,3.581947985100529e-07,3.826042108654239e-06,2.029582705495249e-05,0.00012646080830773122
59,2021-01-30 00:00:00,0.0,0.0,0.0,3.0608336869233917e-06,3.382637842492082e-05,0.00019341064800005952
60,2021-01-29 00:00:00,0.0,0.0,3.581947985100529e-07,4.208646319519663e-06,3.136627817583566e-05,0.0001487774215385073
61,2021-01-28 00:00:00,0.0,0.0,1.4327791940402116e-06,3.0608336869233917e-06,3.382637842492082e-05,0.00019341064800005952
62,2021-01-27 00:00:00,0.0,0.0,3.581947985100529e-07,5.3564589521159356e-06,3.198130323810695e-05,0.0001338996793846566
63,2021-01-26 00:00:00,0.0,0.0,0.0,5.3564589521159356e-06,3.075125311356438e-05,0.00018597177692313414
64,2021-01-25 00:00:00,0.0,0.0,0.0,4.591250530385087e-06,1.8450751868138625e-05,0.00010414419507695512
65,2021-01-24 00:00:00,0.0,0.0,7.163895970201058e-07,4.973854741250512e-06,2.275592730403764e-05,8.926645292310439e-05
66,2021-01-23 00:00:00,0.0,0.0,3.581947985100529e-07,6.121667373846783e-06,3.321135336264953e-05,0.00016365516369235805
67,2021-01-22 00:00:00,0.0,0.0,0.0,4.973854741250512e-06,3.567145361173468e-05,0.0002008495190769849
68,2021-01-21 00:00:00,0.0,0.0,3.581947985100529e-07,6.886875795577631e-06,3.505642854946339e-05,0.00016365516369235805
69,2021-01-20 00:00:00,0.0,0.0,7.163895970201058e-07,3.826042108654239e-06,4.059165410990498e-05,0.00012646080830773122
70,2021-01-19 00:00:00,0.0,0.0,7.163895970201058e-07,6.504271584712207e-06,3.997662904763369e-05,0.0002008495190769849
71,2021-01-18 00:00:00,0.0,0.0,3.581947985100529e-07,4.208646319519663e-06,2.1525877179495064e-05,0.00015621629261543268
72,2021-01-17 00:00:00,0.0,0.0,0.0,4.208646319519663e-06,3.075125311356438e-05,0.00011902193723080585
73,2021-01-16 00:00:00,0.0,0.0,3.581947985100529e-07,2.6782294760579678e-06,3.628647867400597e-05,0.0001487774215385073
74,2021-01-15 00:00:00,0.0,0.0,3.581947985100529e-07,8.034688428173903e-06,3.997662904763369e-05,0.00017853290584620877
75,2021-01-14 00:00:00,0.0,0.0,3.581947985100529e-07,6.121667373846783e-06,4.305175435899013e-05,0.00023060500338468635
76,2021-01-13 00:00:00,0.0,0.0,7.163895970201058e-07,5.7390631629813595e-06,3.567145361173468e-05,0.0001487774215385073
77,2021-01-12 00:00:00,0.0,0.0,0.0,5.3564589521159356e-06,5.1662105230788155e-05,0.00022316613230776098
78,2021-01-11 00:00:00,0.0,0.0,3.581947985100529e-07,3.826042108654239e-06,2.5831052615394077e-05,0.00017853290584620877
79,2021-01-10 00:00:00,0.0,0.0,1.0745843955301586e-06,4.973854741250512e-06,3.505642854946339e-05,0.00015621629261543268
80,2021-01-09 00:00:00,0.0,0.0,0.0,1.0330313693366446e-05,3.382637842492082e-05,0.0002380438744616117
81,2021-01-08 00:00:00,0.0,0.0,3.581947985100529e-07,4.591250530385087e-06,4.489682954580399e-05,0.0002157272612308356
82,2021-01-07 00:00:00,0.0,0.0,1.4327791940402116e-06,6.121667373846783e-06,4.551185460807528e-05,0.0002454827455385371
83,2021-01-06 00:00:00,0.0,0.0,7.163895970201058e-07,5.3564589521159356e-06,4.305175435899013e-05,0.0002380438744616117
84,2021-01-05 00:00:00,0.0,4.7516999206466113e-07,3.581947985100529e-07,4.973854741250512e-06,3.997662904763369e-05,0.00017109403476928343
85,2021-01-04 00:00:00,0.0,0.0,7.163895970201058e-07,3.4434378977888156e-06,3.751652879854854e-05,0.00015621629261543268
86,2021-01-03 00:00:00,0.0,0.0,3.581947985100529e-07,6.121667373846783e-06,3.567145361173468e-05,0.00020828839015391023
87,2021-01-02 00:00:00,0.0,0.0,7.163895970201058e-07,6.121667373846783e-06,4.243672929671884e-05,0.0002008495190769849
88,2021-01-01 00:00:00,0.0,0.0,3.581947985100529e-07,8.034688428173903e-06,4.7356929794889145e-05,0.00023060500338468635
89,2020-12-31 00:00:00,0.0,0.0,3.581947985100529e-07,6.886875795577631e-06,3.997662904763369e-05,0.00017853290584620877
90,2020-12-30 00:00:00,0.0,0.0,0.0,6.121667373846783e-06,5.2277130293059444e-05,0.0002677993587693132
91,2020-12-29 00:00:00,0.0,0.0,1.4327791940402116e-06,8.034688428173903e-06,4.1821704234447557e-05,0.00028267710092316393
92,2020-12-28 00:00:00,0.0,0.0,7.163895970201058e-07,9.182501060770174e-06,3.997662904763369e-05,0.00017109403476928343
93,2020-12-27 00:00:00,0.0,0.0,0.0,5.3564589521159356e-06,3.628647867400597e-05,0.00017109403476928343
94,2020-12-26 00:00:00,0.0,0.0,0.0,5.7390631629813595e-06,4.120667917217627e-05,0.0002677993587693132
95,2020-12-25 00:00:00,0.0,0.0,3.581947985100529e-07,5.7390631629813595e-06,3.628647867400597e-05,0.0002157272612308356
96,2020-12-24 00:00:00,0.0,0.0,3.581947985100529e-07,8.417292639039326e-06,3.690150373627725e-05,0.00022316613230776098
97,2020-12-23 00:00:00,0.0,0.0,3.581947985100529e-07,1.1860730536828142e-05,5.9042405978043604e-05,0.00019341064800005952
98,2020-12-22 00:00:00,0.0,0.0,0.0,9.182501060770174e-06,6.580768166302777e-05,0.00036450468276934294
99,2020-12-21 00:00:00,0.0,4.7516999206466113e-07,7.163895970201058e-07,7.269480006443055e-06,7.011285709892678e-05,0.0003496269406154922
100,2020-12-20 00:00:00,0.0,0.0,7.163895970201058e-07,1.3008543169424415e-05,6.150250622712876e-05,0.00036450468276934294
101,2020-12-19 00:00:00,0.0,0.0,3.581947985100529e-07,9.947709482501023e-06,7.134290722346936e-05,0.00034218806953856685
102,2020-12-18 00:00:00,0.0,4.7516999206466113e-07,7.163895970201058e-07,1.2243334747693567e-05,6.642270672529906e-05,0.0003273103273847161
103,2020-12-17 00:00:00,0.0,0.0,7.163895970201058e-07,8.79989684990475e-06,5.2277130293059444e-05,0.0003496269406154922
104,2020-12-16 00:00:00,0.0,0.0,7.163895970201058e-07,5.3564589521159356e-06,5.6582305728958454e-05,0.0002677993587693132
105,2020-12-15 00:00:00,0.0,0.0,0.0,6.504271584712207e-06,4.366677942126142e-05,0.00014133855046158196
106,2020-12-14 00:00:00,0.0,0.0,1.0745843955301586e-06,1.0712917904231871e-05,5.9042405978043604e-05,0.00028267710092316393
107,2020-12-13 00:00:00,0.0,0.0,7.163895970201058e-07,9.947709482501023e-06,6.519265660075648e-05,0.0003496269406154922
108,2020-12-12 00:00:00,0.0,0.0,1.4327791940402116e-06,7.269480006443055e-06,5.5967280666687165e-05,0.00035706581169241754
109,2020-12-11 00:00:00,0.0,0.0,2.5073635895703703e-06,9.182501060770174e-06,6.39626064762139e-05,0.0002677993587693132
110,2020-12-10 00:00:00,0.0,4.7516999206466113e-07,7.163895970201058e-07,1.3008543169424415e-05,5.6582305728958454e-05,0.00031243258523086536
111,2020-12-09 00:00:00,0.0,0.0,7.163895970201058e-07,1.2243334747693567e-05,5.3507180417602015e-05,0.00029011597200008927
112,2020-12-08 00:00:00,0.0,0.0,7.163895970201058e-07,8.417292639039326e-06,4.489682954580399e-05,0.00029011597200008927
113,2020-12-07 00:00:00,0.0,4.7516999206466113e-07,3.581947985100529e-07,4.973854741250512e-06,3.997662904763369e-05,0.0002677993587693132
114,2020-12-06 00:00:00,0.0,4.7516999206466113e-07,1.0745843955301586e-06,9.947709482501023e-06,5.535225560441588e-05,0.00031243258523086536
115,2020-12-05 00:00:00,0.0,0.0,7.163895970201058e-07,1.3008543169424415e-05,6.765275684984164e-05,0.0003496269406154922
116,2020-12-04 00:00:00,0.0,0.0,7.163895970201058e-07,9.565105271635599e-06,6.949783203665549e-05,0.00036450468276934294
117,2020-12-03 00:00:00,0.0,0.0,1.4327791940402116e-06,8.417292639039326e-06,7.564808265936837e-05,0.0002454827455385371
118,2020-12-02 00:00:00,0.0,0.0,0.0,7.269480006443055e-06,6.765275684984164e-05,0.0002677993587693132
119,2020-12-01 00:00:00,0.0,0.0,1.4327791940402116e-06,1.0330313693366446e-05,4.9202004981703005e-05,0.0003198714563077907
120,2020-11-30 00:00:00,0.0,4.7516999206466113e-07,1.4327791940402116e-06,7.269480006443055e-06,5.535225560441588e-05,0.00027523822984623853
121,2020-11-29 00:00:00,0.0,0.0,1.4327791940402116e-06,8.417292639039326e-06,5.1047080168516866e-05,0.0003496269406154922
122,2020-11-28 00:00:00,0.0,0.0,3.581947985100529e-07,9.947709482501023e-06,6.088748116485747e-05,0.00019341064800005952
123,2020-11-27 00:00:00,0.0,0.0,1.7909739925502646e-06,7.269480006443055e-06,4.7356929794889145e-05,0.00025292161661546244
124,2020-11-26 00:00:00,0.0,0.0,3.581947985100529e-07,3.826042108654239e-06,3.997662904763369e-05,0.00029011597200008927
125,2020-11-25 00:00:00,0.0,4.7516999206466113e-07,7.163895970201058e-07,4.591250530385087e-06,4.366677942126142e-05,0.0001487774215385073
126,2020-11-24 00:00:00,0.0,0.0,3.581947985100529e-07,6.121667373846783e-06,4.612687967034657e-05,0.00018597177692313414
127,2020-11-23 00:00:00,0.0,0.0,3.581947985100529e-07,4.973854741250512e-06,3.259632830037824e-05,0.00017853290584620877
128,2020-11-22 00:00:00,0.0,0.0,1.4327791940402116e-06,6.886875795577631e-06,3.259632830037824e-05,0.0002677993587693132
129,2020-11-21 00:00:00,0.0,0.0,3.581947985100529e-07,4.973854741250512e-06,5.3507180417602015e-05,0.0001487774215385073
130,2020-11-20 00:00:00,0.0,0.0,1.0745843955301586e-06,5.3564589521159356e-06,3.874657892309112e-05,0.00011902193723080585
131,2020-11-19 00:00:00,0.0,0.0,3.581947985100529e-07,6.504271584712207e-06,3.321135336264953e-05,0.0001487774215385073
132,2020-11-18 00:00:00,0.0,0.0,3.581947985100529e-07,5.3564589521159356e-06,3.567145361173468e-05,0.00019341064800005952
133,2020-11-17 00:00:00,0.0,0.0,3.581947985100529e-07,5.7390631629813595e-06,3.259632830037824e-05,0.00016365516369235805
134,2020-11-16 00:00:00,0.0,0.0,3.581947985100529e-07,5.3564589521159356e-06,3.505642854946339e-05,0.00015621629261543268
135,2020-11-15 00:00:00,0.0,0.0,3.581947985100529e-07,7.269480006443055e-06,3.93616039853624e-05,0.00017109403476928343
136,2020-11-14 00:00:00,0.0,0.0,0.0,5.7390631629813595e-06,4.489682954580399e-05,0.00014133855046158196
137,2020-11-13 00:00:00,0.0,0.0,7.163895970201058e-07,6.886875795577631e-06,3.382637842492082e-05,0.00017853290584620877
138,2020-11-12 00:00:00,0.0,4.7516999206466113e-07,0.0,4.591250530385087e-06,3.690150373627725e-05,0.00010414419507695512
139,2020-11-11 00:00:00,0.0,0.0,1.0745843955301586e-06,2.6782294760579678e-06,3.874657892309112e-05,0.00020828839015391023
140,2020-11-10 00:00:00,0.0,0.0,3.581947985100529e-07,4.973854741250512e-06,3.813155386081983e-05,0.0002008495190769849
141,2020-11-09 00:00:00,0.0,0.0,3.581947985100529e-07,3.4434378977888156e-06,1.9065776930409914e-05,0.00010414419507695512
142,2020-11-08 00:00:00,0.0,0.0,7.163895970201058e-07,3.0608336869233917e-06,2.5831052615394077e-05,0.0002157272612308356
143,2020-11-07 00:00:00,0.0,0.0,1.0745843955301586e-06,4.973854741250512e-06,3.93616039853624e-05,0.0002008495190769849
144,2020-11-06 00:00:00,0.0,0.0,7.163895970201058e-07,6.121667373846783e-06,3.751652879854854e-05,0.00017853290584620877
145,2020-11-05 00:00:00,0.0,0.0,0.0,3.0608336869233917e-06,3.44414034871921e-05,0.0001487774215385073
146,2020-11-04 00:00:00,0.0,0.0,7.163895970201058e-07,6.504271584712207e-06,3.075125311356438e-05,0.00015621629261543268
147,2020-11-03 00:00:00,0.0,0.0,0.0,2.2956252651925435e-06,3.44414034871921e-05,0.00016365516369235805
148,2020-11-02 00:00:00,0.0,0.0,3.581947985100529e-07,4.591250530385087e-06,2.2140902241766353e-05,0.00015621629261543268
149,2020-11-01 00:00:00,0.0,0.0,0.0,4.591250530385087e-06,2.3985977428580214e-05,0.0001338996793846566
150,2020-10-31 00:00:00,0.0,0.0,3.581947985100529e-07,3.0608336869233917e-06,1.8450751868138625e-05,8.926645292310439e-05
151,2020-10-30 00:00:00,0.0,0.0,1.0745843955301586e-06,3.826042108654239e-06,2.4601002490851503e-05,8.926645292310439e-05
152,2020-10-29 00:00:00,0.0,0.0,7.163895970201058e-07,2.6782294760579678e-06,1.96808019926812e-05,0.00011158306615388049
153,2020-10-28 00:00:00,0.0,0.0,3.581947985100529e-07,2.6782294760579678e-06,1.4760601494510901e-05,8.182758184617903e-05
154,2020-10-27 00:00:00,0.0,0.0,0.0,3.4434378977888156e-06,1.96808019926812e-05,0.00016365516369235805
155,2020-10-26 00:00:00,0.0,0.0,0.0,2.6782294760579678e-06,1.8450751868138625e-05,7.438871076925365e-05
156,2020-10-25 00:00:00,0.0,0.0,3.581947985100529e-07,3.0608336869233917e-06,1.3530551369968326e-05,2.9755484307701462e-05
157,2020-10-24 00:00:00,0.0,0.0,0.0,1.1478126325962717e-06,1.6605676681324765e-05,5.9510968615402924e-05
158,2020-10-23 00:00:00,0.0,0.0,7.163895970201058e-07,1.9130210543271195e-06,1.722070174359605e-05,8.926645292310439e-05
159,2020-10-22 00:00:00,0.0,0.0,0.0,2.2956252651925435e-06,1.2915526307697039e-05,0.00014133855046158196
160,2020-10-21 00:00:00,0.0,0.0,0.0,1.9130210543271195e-06,1.5990651619053476e-05,0.00012646080830773122
161,2020-10-20 00:00:00,0.0,0.0,3.581947985100529e-07,1.5304168434616958e-06,1.2915526307697039e-05,8.926645292310439e-05
162,2020-10-19 00:00:00,0.0,0.0,3.581947985100529e-07,2.2956252651925435e-06,7.995325809526738e-06,8.182758184617903e-05
163,2020-10-18 00:00:00,0.0,0.0,0.0,1.9130210543271195e-06,1.1685476183154464e-05,6.69498396923283e-05
164,2020-10-17 00:00:00,0.0,0.0,0.0,7.652084217308479e-07,7.3803007472554505e-06,7.438871076925365e-05
165,2020-10-16 00:00:00,0.0,4.7516999206466113e-07,0.0,1.1478126325962717e-06,1.3530551369968326e-05,5.207209753847756e-05
166,2020-10-15 00:00:00,0.0,0.0,0.0,2.6782294760579678e-06,9.225375934069313e-06,5.207209753847756e-05
167,2020-10-14 00:00:00,0.0,0.0,0.0,3.8260421086542396e-07,7.995325809526738e-06,9.670532400002976e-05
168,2020-10-13 00:00:00,0.0,0.0,0.0,1.9130210543271195e-06,1.2300501245425751e-05,2.2316613230776096e-05
169,2020-10-12 00:00:00,0.0,0.0,0.0,1.1478126325962717e-06,6.765275684984163e-06,0.0
170,2020-10-11 00:00:00,0.0,0.0,3.581947985100529e-07,3.8260421086542396e-07,7.3803007472554505e-06,5.207209753847756e-05
171,2020-10-10 00:00:00,0.0,0.0,0.0,7.652084217308479e-07,9.8404009963406e-06,1.4877742153850731e-05
172,2020-10-09 00:00:00,0.0,0.0,3.581947985100529e-07,3.8260421086542396e-07,3.075125311356438e-06,5.9510968615402924e-05
173,2020-10-08 00:00:00,0.0,0.0,3.581947985100529e-07,1.5304168434616958e-06,7.3803007472554505e-06,2.9755484307701462e-05
174,2020-10-07 00:00:00,0.0,4.7516999206466113e-07,0.0,1.9130210543271195e-06,1.0455426058611889e-05,7.4388710769253654e-06
175,2020-10-06 00:00:00,0.0,0.0,3.581947985100529e-07,7.652084217308479e-07,7.3803007472554505e-06,3.719435538462683e-05
176,2020-10-05 00:00:00,0.0,0.0,0.0,0.0,6.765275684984163e-06,0.0
177,2020-10-04 00:00:00,0.0,0.0,0.0,0.0,6.150250622712876e-06,0.0
178,2020-10-03 00:00:00,0.0,0.0,0.0,1.1478126325962717e-06,5.535225560441588e-06,1.4877742153850731e-05
179,2020-10-02 00:00:00,0.0,0.0,0.0,7.652084217308479e-07,6.765275684984163e-06,2.9755484307701462e-05
180,2020-10-01 00:00:00,0.0,0.0,3.581947985100529e-07,7.652084217308479e-07,7.995325809526738e-06,0.0
181,2020-09-30 00:00:00,0.0,0.0,0.0,1.1478126325962717e-06,3.075125311356438e-06,0.0
182,2020-09-29 00:00:00,0.0,0.0,0.0,3.8260421086542396e-07,3.6901503736277252e-06,7.4388710769253654e-06
183,2020-09-28 00:00:00,0.0,0.0,0.0,3.8260421086542396e-07,6.150250622712876e-06,1.4877742153850731e-05
184,2020-09-27 00:00:00,0.0,0.0,3.581947985100529e-07,0.0,1.8450751868138626e-06,1.4877742153850731e-05
185,2020-09-26 00:00:00,0.0,0.0,0.0,1.1478126325962717e-06,4.9202004981703e-06,7.4388710769253654e-06
186,2020-09-25 00:00:00,0.0,0.0,0.0,3.8260421086542396e-07,3.075125311356438e-06,2.2316613230776096e-05
187,2020-09-24 00:00:00,0.0,0.0,3.581947985100529e-07,0.0,3.6901503736277252e-06,0.0
188,2020-09-23 00:00:00,0.0,0.0,0.0,1.5304168434616958e-06,2.46010024908515e-06,0.0
189,2020-09-22 00:00:00,0.0,0.0,3.581947985100529e-07,7.652084217308479e-07,2.46010024908515e-06,7.4388710769253654e-06
190,2020-09-21 00:00:00,0.0,0.0,0.0,3.8260421086542396e-07,6.150250622712875e-07,7.4388710769253654e-06
191,2020-09-20 00:00:00,0.0,0.0,0.0,1.1478126325962717e-06,3.075125311356438e-06,0.0
192,2020-09-19 00:00:00,0.0,0.0,0.0,3.8260421086542396e-07,3.075125311356438e-06,0.0
193,2020-09-18 00:00:00,0.0,0.0,0.0,0.0,2.46010024908515e-06,1.4877742153850731e-05
194,2020-09-17 00:00:00,0.0,0.0,3.581947985100529e-07,0.0,3.075125311356438e-06,2.2316613230776096e-05
195,2020-09-16 00:00:00,0.0,0.0,0.0,3.8260421086542396e-07,1.8450751868138626e-06,2.9755484307701462e-05
196,2020-09-15 00:00:00,0.0,0.0,0.0,0.0,1.8450751868138626e-06,7.4388710769253654e-06
197,2020-09-14 00:00:00,0.0,0.0,0.0,3.8260421086542396e-07,1.8450751868138626e-06,7.4388710769253654e-06
198,2020-09-13 00:00:00,0.0,0.0,0.0,3.8260421086542396e-07,6.150250622712875e-07,1.4877742153850731e-05
199,2020-09-12 00:00:00,0.0,0.0,0.0,0.0,6.150250622712875e-07,7.4388710769253654e-06
200,2020-09-11 00:00:00,0.0,0.0,0.0,0.0,6.150250622712875e-07,0.0
201,2020-09-10 00:00:00,0.0,0.0,0.0,0.0,1.230050124542575e-06,0.0
202,2020-09-09 00:00:00,0.0,0.0,0.0,0.0,6.150250622712875e-07,7.4388710769253654e-06
203,2020-09-08 00:00:00,0.0,0.0,0.0,0.0,6.150250622712875e-07,0.0
204,2020-09-07 00:00:00,0.0,0.0,0.0,3.8260421086542396e-07,0.0,0.0
205,2020-09-05 00:00:00,0.0,0.0,0.0,3.8260421086542396e-07,0.0,1.4877742153850731e-05
206,2020-09-04 00:00:00,0.0,0.0,0.0,0.0,6.150250622712875e-07,0.0
207,2020-09-03 00:00:00,0.0,0.0,0.0,0.0,6.150250622712875e-07,0.0
208,2020-09-02 00:00:00,0.0,0.0,0.0,3.8260421086542396e-07,6.150250622712875e-07,7.4388710769253654e-06
209,2020-09-01 00:00:00,0.0,0.0,0.0,0.0,6.150250622712875e-07,0.0
210,2020-08-31 00:00:00,0.0,0.0,0.0,0.0,6.150250622712875e-07,0.0
211,2020-08-25 00:00:00,0.0,0.0,0.0,0.0,0.0,7.4388710769253654e-06
212,2020-08-23 00:00:00,0.0,0.0,0.0,0.0,6.150250622712875e-07,7.4388710769253654e-06
213,2020-08-21 00:00:00,0.0,0.0,0.0,0.0,1.230050124542575e-06,0.0
214,2020-08-18 00:00:00,0.0,0.0,0.0,0.0,6.150250622712875e-07,0.0
215,2020-08-16 00:00:00,0.0,0.0,0.0,0.0,6.150250622712875e-07,0.0
216,2020-08-13 00:00:00,0.0,0.0,0.0,0.0,6.150250622712875e-07,7.4388710769253654e-06
217,2020-08-10 00:00:00,0.0,0.0,0.0,3.8260421086542396e-07,1.230050124542575e-06,0.0
218,2020-08-07 00:00:00,0.0,0.0,0.0,0.0,1.230050124542575e-06,0.0
219,2020-08-06 00:00:00,0.0,0.0,0.0,0.0,6.150250622712875e-07,0.0
220,2020-08-05 00:00:00,0.0,0.0,0.0,0.0,0.0,7.4388710769253654e-06
221,2020-08-04 00:00:00,0.0,0.0,0.0,0.0,6.150250622712875e-07,0.0
222,2020-08-01 00:00:00,0.0,0.0,0.0,3.8260421086542396e-07,0.0,0.0
223,2020-07-18 00:00:00,0.0,0.0,0.0,0.0,6.150250622712875e-07,0.0
224,2020-07-11 00:00:00,0.0,0.0,0.0,0.0,1.230050124542575e-06,0.0
225,2020-07-10 00:00:00,0.0,0.0,0.0,0.0,1.230050124542575e-06,0.0
226,2020-07-09 00:00:00,0.0,0.0,0.0,0.0,1.230050124542575e-06,0.0
227,2020-07-04 00:00:00,0.0,0.0,0.0,3.8260421086542396e-07,0.0,0.0
228,2020-07-03 00:00:00,0.0,0.0,0.0,0.0,6.150250622712875e-07,0.0
229,2020-07-02 00:00:00,0.0,0.0,0.0,0.0,0.0,7.4388710769253654e-06
230,2020-07-01 00:00:00,0.0,0.0,0.0,0.0,6.150250622712875e-07,0.0
231,2020-06-29 00:00:00,0.0,0.0,0.0,0.0,6.150250622712875e-07,2.2316613230776096e-05
232,2020-06-28 00:00:00,0.0,0.0,0.0,3.8260421086542396e-07,6.150250622712875e-07,7.4388710769253654e-06
233,2020-06-26 00:00:00,0.0,0.0,0.0,0.0,6.150250622712875e-07,0.0
234,2020-06-25 00:00:00,0.0,0.0,3.581947985100529e-07,0.0,0.0,0.0
235,2020-06-24 00:00:00,0.0,0.0,0.0,3.8260421086542396e-07,1.230050124542575e-06,0.0
236,2020-06-23 00:00:00,0.0,0.0,0.0,0.0,0.0,7.4388710769253654e-06
237,2020-06-22 00:00:00,0.0,0.0,0.0,0.0,6.150250622712875e-07,7.4388710769253654e-06
238,2020-06-20 00:00:00,0.0,0.0,0.0,0.0,6.150250622712875e-07,7.4388710769253654e-06
239,2020-06-18 00:00:00,0.0,0.0,0.0,0.0,6.150250622712875e-07,0.0
240,2020-06-17 00:00:00,0.0,0.0,0.0,0.0,6.150250622712875e-07,7.4388710769253654e-06
241,2020-06-16 00:00:00,0.0,0.0,0.0,0.0,6.150250622712875e-07,7.4388710769253654e-06
242,2020-06-15 00:00:00,0.0,0.0,0.0,0.0,0.0,7.4388710769253654e-06
243,2020-06-14 00:00:00,0.0,0.0,0.0,0.0,1.230050124542575e-06,7.4388710769253654e-06
244,2020-06-13 00:00:00,0.0,0.0,3.581947985100529e-07,0.0,1.8450751868138626e-06,0.0
245,2020-06-12 00:00:00,0.0,0.0,0.0,0.0,1.230050124542575e-06,0.0
246,2020-06-11 00:00:00,0.0,0.0,0.0,0.0,6.150250622712875e-07,7.4388710769253654e-06
247,2020-06-10 00:00:00,0.0,0.0,3.581947985100529e-07,0.0,0.0,0.0
248,2020-06-09 00:00:00,0.0,0.0,0.0,0.0,0.0,1.4877742153850731e-05
249,2020-06-08 00:00:00,0.0,0.0,0.0,0.0,6.150250622712875e-07,0.0
250,2020-06-07 00:00:00,0.0,0.0,0.0,0.0,6.150250622712875e-07,0.0
251,2020-06-06 00:00:00,0.0,0.0,0.0,3.8260421086542396e-07,6.150250622712875e-07,7.4388710769253654e-06
252,2020-06-05 00:00:00,0.0,0.0,0.0,0.0,1.8450751868138626e-06,0.0
253,2020-06-04 00:00:00,0.0,0.0,0.0,7.652084217308479e-07,6.150250622712875e-07,1.4877742153850731e-05
254,2020-06-03 00:00:00,0.0,0.0,0.0,3.8260421086542396e-07,6.150250622712875e-07,0.0
255,2020-06-02 00:00:00,0.0,0.0,0.0,0.0,1.230050124542575e-06,2.2316613230776096e-05
256,2020-06-01 00:00:00,0.0,0.0,0.0,0.0,0.0,7.4388710769253654e-06
257,2020-05-31 00:00:00,0.0,0.0,0.0,0.0,6.150250622712875e-07,7.4388710769253654e-06
258,2020-05-30 00:00:00,0.0,0.0,0.0,0.0,3.075125311356438e-06,1.4877742153850731e-05
259,2020-05-29 00:00:00,0.0,0.0,3.581947985100529e-07,0.0,1.8450751868138626e-06,2.9755484307701462e-05
260,2020-05-28 00:00:00,0.0,0.0,0.0,3.8260421086542396e-07,6.150250622712875e-07,1.4877742153850731e-05
261,2020-05-27 00:00:00,0.0,0.0,0.0,3.8260421086542396e-07,1.230050124542575e-06,2.2316613230776096e-05
262,2020-05-26 00:00:00,0.0,0.0,0.0,0.0,2.46010024908515e-06,2.9755484307701462e-05
263,2020-05-25 00:00:00,0.0,0.0,0.0,0.0,3.075125311356438e-06,0.0
264,2020-05-24 00:00:00,0.0,0.0,0.0,3.8260421086542396e-07,6.150250622712875e-07,1.4877742153850731e-05
265,2020-05-23 00:00:00,0.0,0.0,0.0,3.8260421086542396e-07,1.8450751868138626e-06,1.4877742153850731e-05
266,2020-05-22 00:00:00,0.0,0.0,0.0,0.0,1.8450751868138626e-06,0.0
267,2020-05-21 00:00:00,0.0,0.0,0.0,0.0,1.8450751868138626e-06,0.0
268,2020-05-20 00:00:00,0.0,0.0,0.0,7.652084217308479e-07,6.150250622712875e-07,0.0
269,2020-05-19 00:00:00,0.0,0.0,0.0,0.0,2.46010024908515e-06,7.4388710769253654e-06
270,2020-05-18 00:00:00,0.0,0.0,0.0,3.8260421086542396e-07,4.305175435899013e-06,2.2316613230776096e-05
271,2020-05-17 00:00:00,0.0,0.0,0.0,0.0,1.230050124542575e-06,7.4388710769253654e-06
272,2020-05-16 00:00:00,0.0,0.0,0.0,0.0,1.8450751868138626e-06,2.2316613230776096e-05
273,2020-05-15 00:00:00,0.0,0.0,0.0,7.652084217308479e-07,1.230050124542575e-06,1.4877742153850731e-05
274,2020-05-14 00:00:00,0.0,0.0,0.0,3.8260421086542396e-07,1.8450751868138626e-06,1.4877742153850731e-05
275,2020-05-13 00:00:00,0.0,0.0,0.0,0.0,1.230050124542575e-06,2.2316613230776096e-05
276,2020-05-12 00:00:00,0.0,0.0,0.0,0.0,1.8450751868138626e-06,7.4388710769253654e-06
277,2020-05-11 00:00:00,0.0,0.0,0.0,3.8260421086542396e-07,3.075125311356438e-06,1.4877742153850731e-05
278,2020-05-10 00:00:00,0.0,0.0,0.0,0.0,3.6901503736277252e-06,1.4877742153850731e-05
279,2020-05-09 00:00:00,0.0,0.0,0.0,3.8260421086542396e-07,4.9202004981703e-06,2.9755484307701462e-05
280,2020-05-08 00:00:00,0.0,0.0,0.0,3.8260421086542396e-07,1.8450751868138626e-06,3.719435538462683e-05
281,2020-05-07 00:00:00,0.0,0.0,0.0,0.0,4.305175435899013e-06,2.2316613230776096e-05
282,2020-05-06 00:00:00,0.0,0.0,0.0,7.652084217308479e-07,3.6901503736277252e-06,1.4877742153850731e-05
283,2020-05-05 00:00:00,0.0,0.0,0.0,0.0,3.6901503736277252e-06,4.463322646155219e-05
284,2020-05-04 00:00:00,0.0,0.0,0.0,7.652084217308479e-07,2.46010024908515e-06,3.719435538462683e-05
285,2020-05-03 00:00:00,0.0,0.0,0.0,3.8260421086542396e-07,2.46010024908515e-06,0.0
286,2020-05-02 00:00:00,0.0,0.0,3.581947985100529e-07,3.8260421086542396e-07,4.9202004981703e-06,1.4877742153850731e-05
287,2020-05-01 00:00:00,0.0,0.0,0.0,3.8260421086542396e-07,5.535225560441588e-06,7.4388710769253654e-06
288,2020-04-30 00:00:00,0.0,0.0,0.0,0.0,5.535225560441588e-06,2.2316613230776096e-05
289,2020-04-29 00:00:00,0.0,0.0,3.581947985100529e-07,7.652084217308479e-07,3.075125311356438e-06,7.4388710769253654e-06
290,2020-04-28 00:00:00,0.0,0.0,0.0,1.1478126325962717e-06,3.6901503736277252e-06,1.4877742153850731e-05
291,2020-04-27 00:00:00,0.0,0.0,0.0,3.8260421086542396e-07,1.8450751868138626e-06,2.9755484307701462e-05
292,2020-04-26 00:00:00,0.0,0.0,3.581947985100529e-07,3.8260421086542396e-07,2.46010024908515e-06,2.9755484307701462e-05
293,2020-04-25 00:00:00,0.0,0.0,3.581947985100529e-07,0.0,4.305175435899013e-06,2.9755484307701462e-05
294,2020-04-24 00:00:00,0.0,0.0,0.0,7.652084217308479e-07,1.230050124542575e-06,5.207209753847756e-05
295,2020-04-23 00:00:00,0.0,0.0,0.0,0.0,4.305175435899013e-06,5.207209753847756e-05
296,2020-04-22 00:00:00,0.0,0.0,0.0,3.8260421086542396e-07,3.075125311356438e-06,4.463322646155219e-05
297,2020-04-21 00:00:00,0.0,0.0,0.0,7.652084217308479e-07,6.150250622712876e-06,1.4877742153850731e-05
298,2020-04-20 00:00:00,0.0,0.0,0.0,0.0,3.6901503736277252e-06,2.9755484307701462e-05
299,2020-04-19 00:00:00,0.0,0.0,0.0,3.8260421086542396e-07,7.3803007472554505e-06,2.9755484307701462e-05
300,2020-04-18 00:00:00,0.0,0.0,3.581947985100529e-07,0.0,5.535225560441588e-06,4.463322646155219e-05
301,2020-04-17 00:00:00,0.0,0.0,0.0,0.0,6.765275684984163e-06,2.2316613230776096e-05
302,2020-04-16 00:00:00,0.0,0.0,0.0,3.8260421086542396e-07,3.6901503736277252e-06,7.4388710769253654e-06
303,2020-04-15 00:00:00,0.0,0.0,0.0,3.8260421086542396e-07,5.535225560441588e-06,1.4877742153850731e-05
304,2020-04-14 00:00:00,0.0,0.0,0.0,3.8260421086542396e-07,3.6901503736277252e-06,4.463322646155219e-05
305,2020-04-13 00:00:00,0.0,0.0,0.0,3.8260421086542396e-07,3.6901503736277252e-06,2.2316613230776096e-05
306,2020-04-12 00:00:00,0.0,0.0,0.0,0.0,4.305175435899013e-06,5.207209753847756e-05
307,2020-04-11 00:00:00,0.0,0.0,0.0,7.652084217308479e-07,1.8450751868138626e-06,2.2316613230776096e-05
308,2020-04-10 00:00:00,0.0,0.0,0.0,1.1478126325962717e-06,3.075125311356438e-06,2.2316613230776096e-05
309,2020-04-09 00:00:00,0.0,0.0,0.0,3.8260421086542396e-07,2.46010024908515e-06,2.2316613230776096e-05
310,2020-04-08 00:00:00,0.0,0.0,0.0,3.8260421086542396e-07,5.535225560441588e-06,7.4388710769253654e-06
311,2020-04-07 00:00:00,0.0,0.0,0.0,0.0,4.9202004981703e-06,7.4388710769253654e-06
312,2020-04-06 00:00:00,0.0,0.0,0.0,3.8260421086542396e-07,1.230050124542575e-06,7.4388710769253654e-06
313,2020-04-05 00:00:00,0.0,0.0,0.0,3.8260421086542396e-07,0.0,7.4388710769253654e-06
314,2020-04-04 00:00:00,0.0,0.0,0.0,0.0,2.46010024908515e-06,1.4877742153850731e-05
315,2020-04-03 00:00:00,0.0,0.0,0.0,3.8260421086542396e-07,1.8450751868138626e-06,7.4388710769253654e-06
316,2020-04-02 00:00:00,0.0,0.0,0.0,0.0,0.0,7.4388710769253654e-06
317,2020-04-01 00:00:00,0.0,0.0,0.0,0.0,1.8450751868138626e-06,7.4388710769253654e-06
318,2020-03-31 00:00:00,0.0,0.0,0.0,3.8260421086542396e-07,0.0,7.4388710769253654e-06
319,2020-03-30 00:00:00,0.0,0.0,0.0,0.0,0.0,1.4877742153850731e-05
320,2020-03-29 00:00:00,0.0,0.0,0.0,0.0,6.150250622712875e-07,7.4388710769253654e-06
321,2020-03-28 00:00:00,0.0,0.0,0.0,0.0,6.150250622712875e-07,0.0
322,2020-03-25 00:00:00,0.0,0.0,0.0,0.0,6.150250622712875e-07,0.0
323,2020-03-24 00:00:00,0.0,0.0,0.0,0.0,0.0,7.4388710769253654e-06
324,2020-03-23 00:00:00,0.0,0.0,3.581947985100529e-07,3.8260421086542396e-07,0.0,0.0
325,2020-03-22 00:00:00,0.0,0.0,3.581947985100529e-07,0.0,6.150250622712875e-07,0.0
326,2020-03-20 00:00:00,0.0,0.0,0.0,0.0,1.8450751868138626e-06,0.0
327,2020-03-16 00:00:00,0.0,0.0,0.0,0.0,6.150250622712875e-07,0.0
