Dátum,Regisztrált esetek száma,Új esetek száma,elhunytak,gyógyultak,Mintavétel száma,Egymillió lakosra elvégzett tesztek száma,Kórházi karanténba zártak száma,Regisztrált esetek százalékos változása az előző naphoz viszonyítva,Pozitív tesztek aránya,A mintavételek számának százalékos változása az előző naphoz képest,Aktív fertőzöttek száma,Elhunytak aránya Magyarországon,Gyógyultak aránya Magyarországon,Hatósági házi karantén,Új mintavételek száma,Új esetek aránya az új mintavételekhez képest,Az új elhunytak száma naponta,Új gyógyultak naponta,Kórházi ápoltak száma,Lélegeztetőgépen lévők száma,Aktív esetek/összes eset,Kórházi ápoltak számának változása az előző naphoz képest,Lélegeztetőgépen lévők számának változása az előző naphoz képest,Kórházi ápoltak aránya az aktív eseteken belül,Lélegeztetőgépen lévők aránya a kórházi ápoltakon belül,Növekedési faktor,Hétnapos mozgóátlag,Hétnapos csúszóátlag,Hétnapos csúszóátlag,Hétnapos csúszóátlag,Hétnapos csúszóátlag,Beoltottak száma Magyarországon,Új beoltottak száma Magyarországon,Hátnapos csúszóátlag,Második oltás,Második oltás napi,Hétnapos csúszóátlag
2020-03-04,2,2,,,230,,21,,"0,87%",,2,,,,,,,,,,"100,00%",,,,,,,,,,,,,,,,
2020-03-05,4,2,,,230,,40,,"1,74%",,4,,,,0,,,,,,"100,00%",0,0,,,,,,,,,,,,,,
2020-03-06,4,0,,,269,27,39,,"1,49%","17,0%",4,,,,39,,,,,,"100,00%",0,0,,,,,,,,,,,,,,
2020-03-07,5,1,,,319,33,48,"25,00%","1,57%","18,6%",5,,,,50,"2,00%",,,,,"100,00%",0,0,,,,,,,,,,,,,,
2020-03-08,7,2,,,362,37,67,"40,00%","1,93%","13,5%",7,,,,43,"4,65%",,,,,"100,00%",0,0,,,,,,,,,,,,,,
2020-03-09,9,2,,,362,37,67,"28,57%","2,49%",,9,,,,0,,,,,,"100,00%",0,0,,,,,,,,,,,,,,
2020-03-10,12,3,,,531,54,53,"33,33%","2,26%","46,7%",12,,,,169,"1,78%",,,,,"100,00%",0,0,,,,,"1,71428571",,"43,00000000",,,,,,,
2020-03-11,13,1,,,609,62,69,"8,33%","2,13%","14,7%",13,,,,78,"1,28%",,,,,"100,00%",0,0,,,,,"1,57142857",,"54,14285714",,,,,,,
2020-03-12,16,3,,,730,74,65,"23,08%","2,19%","19,9%",16,,,,121,"2,48%",,,,,"100,00%",0,0,,,,,"1,71428571",,"71,42857143",,,,,,,
2020-03-13,19,3,,1,858,88,79,"18,75%","2,21%","17,5%",18,,"5,26%",,128,"2,34%",,1,,,"94,74%",0,0,,,,,"2,14285714",,"84,14285714","2,08%",,,,,,
2020-03-14,30,11,,1,1014,103,79,"57,89%","2,96%","18,2%",29,,"3,33%",,156,"7,05%",,0,,,"96,67%",0,0,,,,,"3,57142857",,"99,28571429","2,80%",,,,,,
2020-03-15,32,2,,1,1236,126,159,"6,67%","2,59%","21,9%",31,,"3,13%",,222,"0,90%",,0,,,"96,88%",0,0,,,,,"3,57142857",,"124,85714286","2,26%",,,,,,
2020-03-16,39,7,1,2,1470,150,137,"21,88%","2,65%","18,9%",36,"2,56%","5,13%",,234,"2,99%",1,1,,,"92,31%",0,0,,,,,"4,28571429",,"158,28571429","2,69%",,,,,,
2020-03-17,50,11,1,2,1587,162,137,"28,21%","3,15%","8,0%",47,"2,00%","4,00%",,117,"9,40%",0,0,,,"94,00%",0,0,,,"3,166666667",,"5,42857143",,"150,85714286","3,78%",,,,,,
2020-03-18,58,8,1,2,1803,184,122,"16,00%","3,22%","13,6%",55,"1,72%","3,45%",2817,216,"3,70%",0,0,,,"94,83%",0,0,,,"4,090909091",,"6,42857143",,"170,57142857","4,12%",,,,,,
2020-03-19,73,15,1,2,2322,237,124,"25,86%","3,14%","28,8%",70,"1,37%","2,74%",3065,519,"2,89%",0,0,,,"95,89%",0,0,,,"4,75",,"8,14285714",,"227,42857143","4,18%",,,,,,
2020-03-20,85,12,4,7,3007,307,116,"16,44%","2,83%","29,5%",74,"4,71%","8,24%",3506,685,"1,75%",3,5,,,"87,06%",0,0,,,"4,4",,"9,42857143",,"307,00000000","4,10%",,,,,,
2020-03-21,103,18,4,7,3477,355,117,"21,18%","2,96%","15,6%",92,"3,88%","6,80%",3771,470,"3,83%",0,0,,,"89,32%",0,0,,,"2,92",,"10,42857143",,"351,85714286","3,64%",,,,,,
2020-03-22,131,28,6,16,4443,453,115,"27,18%","2,95%","27,8%",109,"4,58%","12,21%",3945,966,"2,90%",2,9,,,"83,21%",0,0,,,"3,96",,"14,14285714","0,85714286","458,14285714","3,92%",,,,,,
2020-03-23,167,36,8,21,5515,563,101,"27,48%","3,03%","24,1%",138,"4,79%","12,57%",4001,1072,"3,36%",2,5,,,"82,63%",0,0,,,"4,266666667","3,94","18,28571429","1,00000000","577,85714286","3,98%",,,,,,
2020-03-24,187,20,9,21,6113,624,92,"11,98%","3,06%","10,8%",157,"4,81%","11,23%",4207,598,"3,34%",1,0,,,"83,96%",0,0,,,"3,605263158","4,00","19,57142857","1,14285714","646,57142857","3,11%",,,,,,
2020-03-25,226,39,10,21,6817,696,85,"20,86%","3,32%","11,5%",195,"4,42%","9,29%",,704,"5,54%",1,0,,,"86,28%",0,0,,,"3,733333333","3,95","24,00000000","1,28571429","716,28571429","3,37%",,,,,,
2020-03-26,261,35,10,28,8005,817,100,"15,49%","3,26%","17,4%",223,"3,83%","10,73%",,1188,"2,95%",0,7,,,"85,44%",0,0,,,"3,298245614","3,74","26,85714286","1,28571429","811,85714286","3,38%",,,,,,
2020-03-27,300,39,10,34,9275,946,84,"14,94%","3,23%","15,9%",256,"3,33%","11,33%",,1270,"3,07%",0,6,,,"85,33%",0,0,,,"3,257575758","3,58","30,71428571","0,85714286","895,42857143","3,57%",,,,,,
2020-03-28,343,43,11,34,10303,1051,87,"14,33%","3,33%","11,1%",298,"3,21%","9,91%",,1028,"4,18%",1,0,,,"86,88%",0,0,,,"3,287671233","3,63","34,28571429","1,00000000","975,14285714","3,62%",,,,,,
2020-03-29,408,65,13,34,12148,1240,71,"18,95%","3,36%","17,9%",361,"3,19%","8,33%",,1845,"3,52%",2,0,,,"88,48%",0,0,,,"2,797979798","3,46","39,57142857","1,00000000","1 100,71428571","3,71%",,,,,,
2020-03-30,447,39,15,34,13301,1357,73,"9,56%","3,36%","9,5%",398,"3,36%","7,61%",,1153,"3,38%",2,0,,,"89,04%",0,0,,,"2,1875","3,17","40,00000000","1,00000000","1 112,28571429","3,71%",,,,,,
2020-03-31,492,45,16,37,14146,1443,61,"10,07%","3,48%","6,4%",439,"3,25%","7,52%",,845,"5,33%",2,3,,,"89,23%",0,0,,,"2,226277372","2,97","43,57142857","1,14285714","1 147,57142857","4,00%",,,,,,
2020-04-01,525,33,20,40,15208,1552,61,"6,71%","3,45%","7,5%",465,"3,81%","7,62%",,1062,"3,11%",4,3,,,"88,57%",0,0,,,"1,779761905","2,69","42,71428571","1,57142857","1 198,71428571","3,65%",,,,,,
2020-04-02,585,60,21,42,16401,1674,59,"11,43%","3,57%","7,8%",522,"3,59%","7,18%",,1193,"5,03%",1,2,,,"89,23%",0,0,,,"1,723404255","2,47","46,28571429","1,71428571","1 199,42857143","3,95%",,,,,,
2020-04-03,623,38,26,43,17769,1813,,"6,50%","3,51%","8,3%",554,"4,17%","6,90%",10668,1368,"2,78%",5,1,,,"88,92%",0,0,,,"1,502325581","2,21","46,14285714","2,42857143","1 213,42857143","3,90%",,,,,,
2020-04-04,678,55,32,58,19424,1982,,"8,83%","3,49%","9,3%",588,"4,72%","8,55%",12492,1655,"3,32%",6,15,,,"86,73%",0,0,,,"1,395833333","1,94","47,85714286","3,14285714","1 303,00000000","3,78%",,,,,,
2020-04-05,733,55,34,66,21250,2168,,"8,11%","3,45%","9,4%",633,"4,64%","9,00%",13435,1826,"3,01%",2,8,,,"86,36%",0,0,,,"1,173285199","1,71","46,42857143","3,14285714","1 300,28571429","3,71%",,,,,,
2020-04-06,744,11,38,67,22282,2274,,"1,50%","3,34%","4,9%",639,"5,11%","9,01%",14345,1032,"1,07%",4,1,,,"85,89%",0,0,,,"1,060714286","1,55","42,42857143","3,42857143","1 283,00000000","3,38%",,,,,,
2020-04-07,817,73,47,71,23746,2423,,"9,81%","3,44%","6,6%",699,"5,75%","8,69%",14997,1464,"4,99%",9,4,,,"85,56%",0,0,,,"1,06557377","1,39","46,42857143","4,42857143","1 371,42857143","3,33%",,,,,,
2020-04-08,895,78,58,94,25748,2627,,"9,55%","3,48%","8,4%",743,"6,48%","10,50%",15481,2002,"3,90%",11,23,,,"83,02%",0,0,,,"1,237458194","1,31","52,85714286","5,42857143","1 505,71428571","3,44%",,,,,,
2020-04-09,980,85,66,96,27826,2839,,"9,50%","3,52%","8,1%",818,"6,73%","9,80%",16006,2078,"4,09%",8,2,,,"83,47%",0,0,,,"1,219135802","1,24","56,42857143","6,42857143","1 632,14285714","3,31%",,,,,,
2020-04-10,1190,210,77,112,29948,3056,,"21,43%","3,97%","7,6%",1001,"6,47%","9,41%",16006,2122,"9,90%",11,16,,,"84,12%",0,0,,,"1,755417957","1,27","81,00000000","7,28571429","1 739,85714286","4,33%",,,,,,
2020-04-11,1310,120,85,115,31961,3261,,"10,08%","4,10%","6,7%",1110,"6,49%","8,78%",17490,2013,"5,96%",8,3,,,"84,73%",0,0,,,"1,886567164","1,34","90,28571429","7,57142857","1 791,00000000","4,70%",,,,,,
2020-04-12,1410,100,99,118,33532,3422,,"7,63%","4,20%","4,9%",1193,"7,02%","8,37%",15333,1571,"6,37%",14,3,,,"84,61%",0,0,,,"2,083076923","1,47","96,71428571","9,28571429","1 754,57142857","5,18%",,,,,,
2020-04-13,1458,48,109,120,34819,3553,,"3,40%","4,19%","3,8%",1229,"7,48%","8,23%",15333,1287,"3,73%",10,2,,,"84,29%",0,0,,,"2,404040404","1,66","102,00000000","10,14285714","1 791,00000000","5,56%",,,,,,
2020-04-14,1512,54,122,122,35825,3656,,"3,70%","4,22%","2,9%",1268,"8,07%","8,07%",14355,1006,"5,37%",13,2,,,"83,86%",0,0,,,"2,138461538","1,82","99,28571429","10,71428571","1 725,57142857","5,62%",,,,,,
2020-04-15,1579,67,134,192,37326,3809,,"4,43%","4,23%","4,2%",1253,"8,49%","12,16%",13360,1501,"4,46%",12,70,,,"79,35%",0,0,,,"1,848648649","1,91","97,71428571","10,85714286","1 654,00000000","5,70%",,,,,,
2020-04-16,1652,73,142,199,38489,3927,,"4,62%","4,29%","3,1%",1311,"8,60%","12,05%",12737,1163,"6,28%",8,7,729,60,"79,36%",729,60,"55,61%","8,23%","1,701265823","1,97","96,00000000","10,85714286","1 523,28571429","6,01%",,,,,,
2020-04-17,1763,111,156,207,41590,4244,,"6,72%","4,24%","8,1%",1400,"8,85%","11,74%",12401,3101,"3,58%",14,8,847,63,"79,41%",118,3,"60,50%","7,44%","1,010582011","1,87","81,85714286","11,28571429","1 663,14285714","5,11%",,,,,,
2020-04-18,1834,71,172,231,43901,4480,,"4,03%","4,18%","5,6%",1431,"9,38%","12,60%",12150,2311,"3,07%",16,24,829,60,"78,03%",-18,-3,"57,93%","7,24%","0,8291139241","1,72","74,85714286","12,42857143","1 705,71428571","4,69%",,,,,,
2020-04-19,1916,82,189,250,46353,4730,,"4,47%","4,13%","5,6%",1477,"9,86%","13,05%",11959,2452,"3,34%",17,19,784,61,"77,09%",-45,1,"53,08%","7,78%","0,7474150665","1,53","72,28571429","12,85714286","1 831,57142857","4,26%",,,,,,
2020-04-20,1984,68,199,267,48057,4904,,"3,55%","4,13%","3,7%",1518,"10,03%","13,46%",11240,1704,"3,99%",10,17,811,60,"76,51%",27,-1,"53,43%","7,40%","0,7366946779","1,29","75,14285714","12,85714286","1 891,14285714","4,30%",,,,,,
2020-04-21,2098,114,213,287,50052,5107,,"5,75%","4,19%","4,2%",1598,"10,15%","13,68%",11172,1995,"5,71%",14,20,842,82,"76,17%",31,22,"52,69%","9,74%","0,8431654676","1,10","83,71428571","13,00000000","2 032,42857143","4,35%",,,,,,
2020-04-22,2168,70,225,295,52702,5378,,"3,34%","4,11%","5,3%",1648,"10,38%","13,61%",11049,2650,"2,64%",12,8,825,63,"76,01%",-17,-19,"50,06%","7,64%","0,8611111111","0,96","84,14285714","13,00000000","2 196,57142857","4,09%",,,,,,
2020-04-23,2284,116,239,390,55390,5652,,"5,35%","4,12%","5,1%",1655,"10,46%","17,08%",10942,2688,"4,32%",14,95,850,61,"72,46%",25,-2,"51,36%","7,18%","0,9404761905","0,85","90,28571429","13,85714286","2 414,42857143","3,81%",,,,,,
2020-04-24,2383,99,250,401,58251,5944,,"4,33%","4,09%","5,2%",1732,"10,49%","16,83%",10942,2861,"3,46%",11,11,877,61,"72,68%",27,0,"50,64%","6,96%","1,082024433","0,86","88,57142857","13,42857143","2 380,14285714","3,79%",,,,,,
2020-04-25,2443,60,262,458,60801,6204,,"2,52%","4,02%","4,4%",1723,"10,72%","18,75%",10942,2550,"2,35%",12,57,899,54,"70,53%",22,-7,"52,18%","6,01%","1,16221374","0,91","87,00000000","12,85714286","2 414,28571429","3,69%",,,,,,
2020-04-26,2500,57,272,485,63505,6480,,"2,33%","3,94%","4,4%",1743,"10,88%","19,40%",9589,2704,"2,11%",10,27,927,56,"69,72%",28,2,"53,18%","6,04%","1,154150198","0,97","83,42857143","11,85714286","2 450,28571429","3,51%",,,,,,
2020-04-27,2583,83,280,498,65625,6696,,"3,32%","3,94%","3,3%",1805,"10,84%","19,28%",9829,2120,"3,92%",8,13,931,52,"69,88%",4,-4,"51,58%","5,59%","1,13878327","1,03","85,57142857","11,57142857","2 509,71428571","3,50%",,,,,,
2020-04-28,2649,66,291,516,67172,6854,,"2,56%","3,94%","2,4%",1842,"10,99%","19,48%",9889,1547,"4,27%",11,18,946,49,"69,54%",15,-3,"51,36%","5,18%","0,9402730375","1,04","78,71428571","11,14285714","2 445,71428571","3,30%",,,,,,
2020-04-29,2727,78,300,536,70300,7173,,"2,94%","3,88%","4,7%",1891,"11,00%","19,66%",10071,3128,"2,49%",9,20,983,50,"69,34%",37,1,"51,98%","5,09%","0,9490662139","1,05","79,85714286","10,71428571","2 514,00000000","3,27%",,,,,,
2020-04-30,2775,48,312,581,72951,7444,,"1,76%","3,80%","3,8%",1882,"11,24%","20,94%",10199,2651,"1,81%",12,45,998,54,"67,82%",15,4,"53,03%","5,41%","0,7768987342","1,03","70,14285714","10,42857143","2 508,71428571","2,92%",,,,,,
2020-05-01,2863,88,323,609,76331,7789,,"3,17%","3,75%","4,6%",1931,"11,28%","21,27%",10384,3380,"2,60%",11,28,983,49,"67,45%",-15,-5,"50,91%","4,98%","0,7741935484","0,99","68,57142857","10,42857143","2 582,85714286","2,79%",,,,,,
2020-05-02,2942,79,335,625,79551,8117,,"2,76%","3,70%","4,2%",1982,"11,39%","21,24%",10754,3220,"2,45%",12,16,1008,52,"67,37%",25,3,"50,86%","5,16%","0,8193760263","0,94","71,28571429","10,42857143","2 678,57142857","2,81%",,,,,,
2020-05-03,2998,56,340,629,82010,8368,,"1,90%","3,66%","3,1%",2029,"11,34%","20,98%",10786,2459,"2,28%",5,4,1005,51,"67,68%",-3,-1,"49,53%","5,07%","0,852739726","0,89","71,14285714","9,71428571","2 643,57142857","2,83%",,,,,,
2020-05-04,3035,37,351,630,83958,8567,,"1,23%","3,61%","2,4%",2054,"11,57%","20,76%",10459,1948,"1,90%",11,1,1027,55,"67,68%",22,4,"50,00%","5,36%","0,754590985","0,84","64,57142857","10,14285714","2 619,00000000","2,54%",,,,,,
2020-05-05,3065,30,363,709,85557,8730,,"0,99%","3,58%","1,9%",1993,"11,84%","23,13%",10547,1599,"1,88%",12,79,982,55,"65,02%",-45,0,"49,27%","5,60%","0,7549909256","0,81","59,42857143","10,28571429","2 626,42857143","2,20%",,,,,,
2020-05-06,3111,46,373,759,88735,9055,,"1,50%","3,51%","3,7%",1979,"11,99%","24,40%",10628,3178,"1,45%",10,50,964,50,"63,61%",-18,-5,"48,71%","5,19%","0,686940966","0,77","54,85714286","10,42857143","2 633,57142857","2,05%",,,,,,
2020-05-07,3150,39,383,801,94036,9596,,"1,25%","3,35%","6,0%",1966,"12,16%","25,43%",10956,5301,"0,74%",10,42,968,50,"62,41%",4,0,"49,24%","5,17%","0,7637474542","0,77","53,57142857","10,14285714","3 012,14285714","1,90%",,,,,,
2020-05-08,3178,28,392,865,99058,10108,,"0,89%","3,21%","5,3%",1921,"12,33%","27,22%",11036,5022,"0,56%",9,64,891,,"60,45%",-77,-50,"46,38%","0,00%","0,65625","0,76","45,00000000","9,85714286","3 246,71428571","1,61%",,,,,,
2020-05-09,3213,35,405,904,103258,10537,,"1,10%","3,11%","4,2%",1904,"12,61%","28,14%",10927,4200,"0,83%",13,39,875,,"59,26%",-16,0,"45,96%","0,00%","0,5430861723","0,72","38,71428571","10,00000000","3 386,71428571","1,38%",,,,,,
2020-05-10,3263,50,413,933,108257,11047,,"1,56%","3,01%","4,8%",1917,"12,66%","28,59%",10356,4999,"1,00%",8,29,812,50,"58,75%",-63,50,"42,36%","6,16%","0,5321285141","0,67","37,85714286","10,42857143","3 749,57142857","1,19%",,,,,,
2020-05-11,3284,21,421,958,112165,11445,,"0,64%","2,93%","3,6%",1905,"12,82%","29,17%",10955,3908,"0,54%",8,25,782,45,"58,01%",-30,-5,"41,05%","5,75%","0,5508849558","0,64","35,57142857","10,00000000","4 029,57142857","1,00%",,,,,,
2020-05-12,3313,29,425,1007,114719,11706,,"0,88%","2,89%","2,3%",1881,"12,83%","30,40%",11016,2554,"1,14%",4,49,746,45,"56,78%",-36,0,"39,66%","6,03%","0,5961538462","0,62","35,42857143","8,85714286","4 166,00000000","0,89%",,,,,,
2020-05-13,3341,28,430,1102,118500,12092,,"0,85%","2,82%","3,3%",1809,"12,87%","32,98%",11053,3781,"0,74%",5,95,688,45,"54,15%",-58,0,"38,03%","6,54%","0,5989583333","0,61","32,85714286","8,14285714","4 252,14285714","0,79%",,,,,,
2020-05-14,3380,39,436,1169,123258,12577,,"1,17%","2,74%","4,0%",1775,"12,90%","34,59%",11084,4758,"0,82%",6,67,658,49,"52,51%",-30,4,"37,07%","7,45%","0,6133333333","0,58","32,85714286","7,57142857","4 174,57142857","0,80%",,,,,,
2020-05-15,3417,37,442,1287,127237,12983,,"1,09%","2,69%","3,2%",1688,"12,94%","37,66%",10954,3979,"0,93%",6,118,614,46,"49,40%",-44,-3,"36,37%","7,49%","0,7587301587","0,60","34,14285714","7,14285714","4 025,57142857","0,86%",,,,,,
2020-05-16,3473,56,448,1371,131429,13411,,"1,64%","2,64%","3,3%",1654,"12,90%","39,48%",10742,4192,"1,34%",6,84,570,45,"47,62%",-44,-1,"34,46%","7,89%","0,9594095941","0,66","37,14285714","6,14285714","4 024,42857143","0,93%",,,,,,
2020-05-17,3509,36,451,1396,135137,13789,,"1,04%","2,60%","2,8%",1662,"12,85%","39,78%",10470,3708,"0,97%",3,25,562,47,"47,36%",-8,2,"33,81%","8,36%","0,9283018868","0,72","35,14285714","5,42857143","3 840,00000000","0,93%",,,,,,
2020-05-18,3535,26,462,1400,137243,14004,,"0,74%","2,58%","1,6%",1673,"13,07%","39,60%",10388,2106,"1,23%",11,4,568,46,"47,33%",6,-1,"33,95%","8,10%","1,008032129","0,78","35,85714286","5,85714286","3 582,57142857","1,02%",,,,,,
2020-05-19,3556,21,467,1412,138697,14153,,"0,59%","2,56%","1,1%",1677,"13,13%","39,71%",10394,1454,"1,44%",5,12,,,"47,16%",-568,-46,,,"0,9798387097","0,84","34,71428571","6,00000000","3 425,42857143","1,07%",,,,,,
2020-05-20,3598,42,470,1454,142729,14564,,"1,18%","2,52%","2,9%",1674,"13,06%","40,41%",10931,4032,"1,04%",3,42,539,29,"46,53%",539,29,"32,20%","5,38%","1,117391304","0,91","36,71428571","5,71428571","3 461,28571429","1,11%",,,,,,
2020-05-21,3641,43,473,1509,147511,15052,,"1,20%","2,47%","3,4%",1659,"12,99%","41,44%",11103,4782,"0,90%",3,55,510,27,"45,56%",-29,-2,"30,74%","5,29%","1,134782609","0,98","37,28571429","5,28571429","3 464,71428571","1,12%",,,,,,
2020-05-22,3678,37,476,1587,155801,15898,,"1,02%","2,36%","5,6%",1615,"12,94%","43,15%",11668,8290,"0,45%",3,78,483,23,"43,91%",-27,-4,"29,91%","4,76%","1,092050209","1,03","37,28571429","4,85714286","4 080,57142857","1,05%",,,,,,
2020-05-23,3713,35,482,1655,159260,16251,,"0,95%","2,33%","2,2%",1576,"12,98%","44,57%",11704,3459,"1,01%",6,68,462,21,"42,45%",-21,-2,"29,31%","4,55%","0,9230769231","1,03","34,28571429","4,85714286","3 975,85714286","1,01%",,,,,,
2020-05-24,3741,28,486,1690,162925,16625,,"0,75%","2,30%","2,3%",1565,"12,99%","45,18%",11934,3665,"0,76%",4,35,442,28,"41,83%",-20,7,"28,24%","6,33%","0,9430894309","1,03","33,14285714","5,00000000","3 969,71428571","0,98%",,,,,,
2020-05-25,3756,15,491,1711,164619,16798,,"0,40%","2,28%","1,0%",1554,"13,07%","45,55%",11810,1694,"0,89%",5,21,,,"41,37%",-442,-28,,,"0,8804780876","1,01","31,57142857","4,14285714","3 910,85714286","0,93%",,,,,,
2020-05-26,3771,15,499,1836,166263,16966,,"0,40%","2,27%","1,0%",1436,"13,23%","48,69%",11611,1644,"0,91%",8,125,436,27,"38,08%",436,27,"30,36%","6,19%","0,8847736626","1,00","30,71428571","4,57142857","3 938,00000000","0,85%",,,,,,
2020-05-27,3793,22,505,1856,169960,17343,,"0,58%","2,23%","2,2%",1432,"13,31%","48,93%",11616,3697,"0,60%",6,20,430,25,"37,75%",-6,-2,"30,03%","5,81%","0,7587548638","0,95","27,85714286","5,00000000","3 890,14285714","0,79%",,,,,,
2020-05-28,3816,23,509,1996,174011,17756,,"0,61%","2,19%","2,4%",1311,"13,34%","52,31%",11525,4051,"0,57%",4,140,404,24,"34,36%",-26,-1,"30,82%","5,94%","0,6704980843","0,88","25,00000000","5,14285714","3 785,71428571","0,74%",,,,,,
2020-05-29,3841,25,517,2024,180152,18383,,"0,66%","2,13%","3,5%",1300,"13,46%","52,69%",10763,6141,"0,41%",8,28,384,24,"33,85%",-20,0,"29,54%","6,25%","0,6245210728","0,81","23,28571429","5,85714286","3 478,71428571","0,74%",,,,,,
2020-05-30,3867,26,524,2142,183562,18731,,"0,68%","2,11%","1,9%",1201,"13,55%","55,39%",11408,3410,"0,76%",7,118,414,22,"31,06%",30,-2,"34,47%","5,31%","0,6416666667","0,77","22,00000000","6,00000000","3 471,71428571","0,70%",,,,,,
2020-05-31,3876,9,526,2147,185980,18978,,"0,23%","2,08%","1,3%",1203,"13,57%","55,39%",11540,2418,"0,37%",2,5,419,25,"31,04%",5,3,"34,83%","5,97%","0,5818965517","0,72","19,28571429","5,71428571","3 293,57142857","0,64%",,,,,,
2020-06-01,3892,16,527,2156,187965,19180,,"0,41%","2,07%","1,1%",1209,"13,54%","55,40%",11226,1985,"0,81%",1,9,417,25,"31,06%",-2,0,"34,49%","6,00%","0,6153846154","0,68","19,42857143","5,14285714","3 335,14285714","0,63%",,,,,,
2020-06-02,3921,29,532,2160,189969,19385,,"0,75%","2,06%","1,1%",1229,"13,57%","55,09%",11159,2004,"1,45%",5,4,427,24,"31,34%",10,-1,"34,74%","5,62%","0,6976744186","0,66","21,42857143","4,71428571","3 386,57142857","0,71%",,,,,,
2020-06-03,3931,10,534,2190,191572,19548,,"0,26%","2,05%","0,8%",1207,"13,58%","55,71%",11172,1603,"0,62%",2,30,414,24,"30,70%",-13,0,"34,30%","5,80%","0,7076923077","0,65","19,71428571","4,14285714","3 087,42857143","0,71%",,,,,,
2020-06-04,3954,23,539,2205,195894,19989,,"0,59%","2,02%","2,3%",1210,"13,63%","55,77%",10985,4322,"0,53%",5,15,406,24,"30,60%",-8,0,"33,55%","5,91%","0,7885714286","0,67","19,71428571","4,28571429","3 126,14285714","0,71%",,,,,,
2020-06-05,3970,16,542,2245,202606,20674,,"0,40%","1,96%","3,4%",1183,"13,65%","56,55%",9693,6712,"0,24%",3,40,397,21,"29,80%",-9,-3,"33,56%","5,29%","0,7914110429","0,69","18,42857143","3,57142857","3 207,71428571","0,68%",,,,,,
2020-06-06,3990,20,545,2279,206853,21107,,"0,50%","1,93%","2,1%",1166,"13,66%","57,12%",10133,4247,"0,47%",3,34,387,21,"29,22%",-10,0,"33,19%","5,43%","0,7987012987","0,71","17,57142857","3,00000000","3 327,28571429","0,64%",,,,,,
2020-06-07,4008,18,546,2279,210202,21449,,"0,45%","1,91%","1,6%",1183,"13,62%","56,86%",9916,3349,"0,54%",1,0,386,21,"29,52%",-1,0,"32,63%","5,44%","0,9777777778","0,77","18,85714286","2,85714286","3 460,28571429","0,67%",,,,,,
2020-06-08,4014,6,548,2284,210749,21505,,"0,15%","1,90%","0,3%",1182,"13,65%","56,90%",9665,547,"1,10%",1,5,385,21,"29,45%",-1,0,"32,57%","5,45%","0,8970588235","0,81","17,42857143","2,85714286","3 254,85714286","0,71%",,,,,,
2020-06-09,4017,3,550,2324,214468,21884,,"0,07%","1,87%","1,8%",1143,"13,69%","57,85%",,3719,"0,08%",2,40,365,20,"28,45%",-20,-1,"31,93%","5,48%","0,64","0,80","13,71428571","2,42857143","3 499,85714286","0,51%",,,,,,
2020-06-10,4027,10,551,2355,217689,22213,,"0,25%","1,85%","1,5%",1121,"13,68%","58,48%",8805,3221,"0,31%",1,31,344,20,"27,84%",-21,0,"30,69%","5,81%","0,6956521739","0,80","13,71428571","2,28571429","3 731,00000000","0,47%",,,,,,
2020-06-11,4039,12,553,2391,222247,22678,,"0,30%","1,82%","2,1%",1095,"13,69%","59,20%",9167,4558,"0,26%",2,36,321,19,"27,11%",-23,-1,"29,32%","5,92%","0,615942029","0,77","12,14285714","1,85714286","3 764,71428571","0,43%",,,,,,
2020-06-12,4053,14,555,2447,226669,23129,,"0,35%","1,79%","2,0%",1051,"13,69%","60,38%",8834,4422,"0,32%",2,56,290,20,"25,93%",-31,1,"27,59%","6,90%","0,6434108527","0,75","11,85714286","1,71428571","3 437,57142857","0,44%",,,,,,
2020-06-13,4064,11,559,2476,230169,23487,,"0,27%","1,77%","1,5%",1029,"13,75%","60,93%",,3500,"0,31%",4,29,283,20,"25,32%",-7,0,"27,50%","7,07%","0,6016260163","0,72","10,57142857","1,85714286","3 330,85714286","0,42%",,,,,,
2020-06-14,4069,5,562,2482,233742,23851,,"0,12%","1,74%","1,6%",1025,"13,81%","61,00%",7287,3573,"0,14%",3,6,275,20,"25,19%",-8,0,"26,83%","7,27%","0,4621212121","0,65","8,71428571","2,14285714","3 362,85714286","0,36%",,,,,,
2020-06-15,4076,7,563,2485,235377,24018,,"0,17%","1,73%","0,7%",1028,"13,81%","60,97%",7707,1635,"0,43%",1,3,275,19,"25,22%",0,-1,"26,75%","6,91%","0,5081967213","0,60","8,85714286","2,14285714","3 518,28571429","0,26%",,,,,,
2020-06-16,4077,1,565,2516,236828,24166,,"0,02%","1,72%","0,6%",996,"13,86%","61,71%",7545,1451,"0,07%",2,31,255,17,"24,43%",-20,-2,"25,60%","6,67%","0,625","0,59","8,57142857","2,14285714","3 194,28571429","0,26%",,,,,,
2020-06-17,4078,1,567,2547,242139,24708,,"0,02%","1,68%","2,2%",964,"13,90%","62,46%",7092,5311,"0,02%",2,31,210,16,"23,64%",-45,-1,"21,78%","7,62%","0,53125","0,57","7,28571429","2,28571429","3 492,85714286","0,22%",,,,,,
2020-06-18,4079,1,568,2564,245598,25061,,"0,02%","1,66%","1,4%",947,"13,92%","62,86%",6310,3459,"0,03%",1,17,199,15,"23,22%",-11,-1,"21,01%","7,54%","0,4705882353","0,55","5,71428571","2,14285714","3 335,85714286","0,19%",,,,,,
2020-06-19,4081,2,568,2581,249391,25448,,"0,05%","1,64%","1,5%",932,"13,92%","63,24%",3944,3793,"0,05%",0,17,192,15,"22,84%",-7,0,"20,60%","7,81%","0,3373493976","0,51","4,00000000","1,85714286","3 246,00000000","0,15%",,,,,,
2020-06-20,4086,5,570,2585,253100,25827,,"0,12%","1,61%","1,5%",931,"13,95%","63,26%",,3709,"0,13%",2,4,186,15,"22,79%",-6,0,"19,98%","8,06%","0,2972972973","0,46","3,14285714","1,57142857","3 275,85714286","0,12%",,,,,,
2020-06-21,4094,8,570,2589,256326,26156,,"0,20%","1,60%","1,3%",935,"13,92%","63,24%",,3226,"0,25%",0,4,185,15,"22,84%",-1,0,"19,79%","8,11%","0,4098360656","0,45","3,57142857","1,14285714","3 226,28571429","0,14%",,,,,,
2020-06-22,4102,8,572,2590,258115,26338,,"0,20%","1,59%","0,7%",940,"13,94%","63,14%",3528,1789,"0,45%",2,1,184,14,"22,92%",-1,-1,"19,57%","7,61%","0,4193548387","0,44","3,71428571","1,28571429","3 248,28571429","0,14%",,,,,,
2020-06-23,4107,5,573,2600,258861,26414,,"0,12%","1,59%","0,3%",934,"13,95%","63,31%",,746,"0,67%",1,10,183,14,"22,74%",-1,0,"19,59%","7,65%","0,5","0,42","4,28571429","1,14285714","3 147,57142857","0,23%",,,,,,
2020-06-24,4114,7,576,2618,261420,26676,,"0,17%","1,57%","1,0%",920,"14,00%","63,64%",,2559,"0,27%",3,18,183,13,"22,36%",0,-1,"19,89%","7,10%","0,7058823529","0,45","5,14285714","1,28571429","2 754,42857143","0,26%",,,,,,
2020-06-25,4123,9,577,2640,265129,27054,,"0,22%","1,56%","1,4%",906,"13,99%","64,03%",,3709,"0,24%",1,22,182,13,"21,97%",-1,0,"20,09%","7,14%","1,1","0,54","6,28571429","1,28571429","2 790,14285714","0,29%",,,,,,
2020-06-26,4127,4,578,2663,267056,27251,,"0,10%","1,55%","0,7%",886,"14,01%","64,53%",,1927,"0,21%",1,23,179,13,"21,47%",-3,0,"20,20%","7,26%","1,642857143","0,73","6,57142857","1,42857143","2 523,57142857","0,32%",,,,,,
2020-06-27,4138,11,578,2681,270263,27578,,"0,27%","1,53%","1,2%",879,"13,97%","64,79%",,3207,"0,34%",0,18,174,11,"21,24%",-5,-2,"19,80%","6,32%","2,363636364","1,02","7,42857143","1,14285714","2 451,85714286","0,35%",,,,,,
2020-06-28,4142,4,581,2685,271194,27673,,"0,10%","1,53%","0,3%",876,"14,03%","64,82%",,931,"0,43%",3,4,172,9,"21,15%",-2,-2,"19,63%","5,23%","1,92","1,24","6,85714286","1,57142857","2 124,00000000","0,37%",,,,,,
2020-06-29,4145,3,585,2685,273879,27947,,"0,07%","1,51%","1,0%",875,"14,11%","64,78%",1763,2685,"0,11%",4,0,170,9,"21,11%",-2,0,"19,43%","5,29%","1,653846154","1,41","6,14285714","1,85714286","2 252,00000000","0,32%",,,,,,
2020-06-30,4155,10,585,2692,274945,28056,,"0,24%","1,51%","0,4%",878,"14,08%","64,79%",,1066,"0,94%",0,7,169,9,"21,13%",-1,0,"19,25%","5,33%","1,6","1,57","6,85714286","1,71428571","2 297,71428571","0,36%",,,,,,
2020-07-01,4157,2,586,2714,277750,28342,,"0,05%","1,50%","1,0%",857,"14,10%","65,29%",,2805,"0,07%",1,22,169,8,"20,62%",0,-1,"19,72%","4,73%","1,194444444","1,64","6,14285714","1,42857143","2 332,85714286","0,33%",,,,,,
2020-07-02,4166,9,587,2721,279690,28540,,"0,22%","1,49%","0,7%",858,"14,09%","65,31%",,1940,"0,46%",1,7,157,8,"20,60%",-12,0,"18,30%","5,10%","0,9772727273","1,62","6,14285714","1,42857143","2 080,14285714","0,37%",,,,,,
2020-07-03,4172,6,588,2752,281628,28738,,"0,14%","1,48%","0,7%",832,"14,09%","65,96%",,1938,"0,31%",1,31,150,9,"19,94%",-7,1,"18,03%","6,00%","0,9782608696","1,53","6,42857143","1,42857143","2 081,71428571","0,38%",,,,,,
2020-07-04,4174,2,589,2784,283508,28929,,"0,05%","1,47%","0,7%",801,"14,11%","66,70%",,1880,"0,11%",1,32,140,8,"19,19%",-10,-1,"17,48%","5,71%","0,6923076923","1,29","5,14285714","1,57142857","1 892,14285714","0,35%",,,,,,
2020-07-05,4183,9,589,2811,285590,29142,,"0,22%","1,46%","0,7%",783,"14,08%","67,20%",1348,2082,"0,43%",0,27,144,8,"18,72%",4,0,"18,39%","5,56%","0,8541666667","1,14","5,85714286","1,14285714","2 056,57142857","0,35%",,,,,,
2020-07-06,4189,6,589,2860,286083,29192,,"0,14%","1,46%","0,2%",740,"14,06%","68,27%",1675,493,"1,22%",0,49,140,8,"17,67%",-4,0,"18,92%","5,71%","1,023255814","1,05","6,28571429","0,57142857","1 743,42857143","0,51%",,,,,,
2020-07-07,4205,16,589,2874,286983,29284,,"0,38%","1,47%","0,3%",742,"14,01%","68,35%",,900,"1,78%",0,14,142,7,"17,65%",2,-1,"19,14%","4,93%","1,041666667","0,97","7,14285714","0,57142857","1 719,71428571","0,63%",,,,,,
2020-07-08,4210,5,589,2885,288693,29458,,"0,12%","1,46%","0,6%",736,"13,99%","68,53%",1909,1710,"0,29%",0,11,132,6,"17,48%",-10,-1,"17,93%","4,55%","1,23255814","0,97","7,57142857","0,42857143","1 563,28571429","0,66%",,,,,,
2020-07-09,4220,10,591,2887,289602,29551,,"0,24%","1,46%","0,3%",742,"14,00%","68,41%",,909,"1,10%",2,2,131,6,"17,58%",-1,0,"17,65%","4,58%","1,255813953","1,01","7,71428571","0,57142857","1 416,00000000","0,75%",,,,,,
2020-07-10,4223,3,593,2941,292037,29800,,"0,07%","1,45%","0,8%",689,"14,04%","69,64%",,2435,"0,12%",2,54,133,6,"16,32%",2,0,"19,30%","4,51%","1,133333333","1,03","7,28571429","0,71428571","1 487,00000000","0,72%",,,,,,
2020-07-11,4229,6,595,2974,293220,29920,,"0,14%","1,44%","0,4%",660,"14,07%","70,32%",,1183,"0,51%",2,33,129,5,"15,61%",-4,-1,"19,55%","3,88%","1,527777778","1,15","7,85714286","0,85714286","1 387,42857143","0,78%",,,,,,
2020-07-12,4234,5,595,3036,294425,30043,,"0,12%","1,44%","0,4%",603,"14,05%","71,71%",2322,1205,"0,41%",0,62,128,5,"14,24%",-1,0,"21,23%","3,91%","1,243902439","1,21","7,28571429","0,85714286","1 262,14285714","0,78%",,,,,,
2020-07-13,4247,13,595,3073,295561,30159,,"0,31%","1,44%","0,4%",579,"14,01%","72,36%",2453,1136,"1,14%",0,37,127,5,"13,63%",-1,0,"21,93%","3,94%","1,318181818","1,25","8,28571429","0,85714286","1 354,00000000","0,76%",,,,,,
2020-07-14,4258,11,595,3106,296358,30241,,"0,26%","1,44%","0,3%",557,"13,97%","72,95%",,797,"1,38%",0,33,131,5,"13,08%",4,0,"23,52%","3,82%","1,06","1,25","7,57142857","0,85714286","1 339,28571429","0,71%",,,,,,
2020-07-15,4263,5,595,3127,299185,30529,,"0,12%","1,42%","0,9%",541,"13,96%","73,35%",,2827,"0,18%",0,21,125,5,"12,69%",-6,0,"23,11%","4,00%",1,"1,22","7,57142857","0,85714286","1 498,85714286","0,69%",,,,,,
2020-07-16,4279,16,595,3156,300632,30677,,"0,38%","1,42%","0,5%",528,"13,91%","73,76%",,1447,"1,11%",0,29,109,5,"12,34%",-16,0,"20,64%","4,59%","1,092592593","1,20","8,42857143","0,57142857","1 575,71428571","0,69%",,,,,,
2020-07-17,4293,14,595,3220,302749,30893,,"0,33%","1,42%","0,7%",478,"13,86%","75,01%",,2117,"0,66%",0,64,83,4,"11,13%",-26,-1,"17,36%","4,82%","1,37254902","1,23","10,00000000","0,28571429","1 530,28571429","0,77%",,,,,,
2020-07-18,4315,22,596,3222,305133,31136,,"0,51%","1,41%","0,8%",497,"13,81%","74,67%",4953,2384,"0,92%",1,2,83,3,"11,52%",0,-1,"16,70%","3,61%","1,563636364","1,24","12,28571429","0,14285714","1 701,85714286","0,83%",,,,,,
2020-07-19,4333,18,596,3223,307846,31413,,"0,42%","1,41%","0,9%",514,"13,75%","74,38%",5486,2713,"0,66%",0,1,82,3,"11,86%",-1,0,"15,95%","3,66%","1,941176471","1,34","14,14285714","0,14285714","1 917,28571429","0,86%",,,,,,
2020-07-20,4339,6,596,3232,310070,31640,,"0,14%","1,40%","0,7%",511,"13,74%","74,49%",5710,2224,"0,27%",0,9,83,5,"11,78%",1,2,"16,24%","6,02%","1,586206897","1,37","13,14285714","0,14285714","2 072,71428571","0,74%",,,,,,
2020-07-21,4347,8,596,3257,310830,31717,,"0,18%","1,40%","0,2%",494,"13,71%","74,93%",6388,760,"1,05%",0,25,78,4,"11,36%",-5,-1,"15,79%","5,13%","1,679245283","1,46","12,71428571","0,14285714","2 067,42857143","0,69%",,,,,,
2020-07-22,4366,19,596,3283,312988,31938,,"0,44%","1,39%","0,7%",487,"13,65%","75,19%",6553,2158,"0,88%",0,26,78,4,"11,15%",0,0,"16,02%","5,13%","1,943396226","1,60","14,71428571","0,14285714","1 971,85714286","0,79%",,,,,,
2020-07-23,4380,14,596,3300,316120,32257,,"0,32%","1,39%","1,0%",484,"13,61%","75,34%",7001,3132,"0,45%",0,17,76,4,"11,05%",-2,0,"15,70%","5,26%","1,711864407","1,69","14,42857143","0,14285714","2 212,57142857","0,70%",,,,,,
2020-07-24,4398,18,596,3312,319854,32638,,"0,41%","1,38%","1,2%",490,"13,55%","75,31%",7318,3734,"0,48%",0,12,70,4,"11,14%",-6,0,"14,29%","5,71%","1,5","1,70","15,00000000","0,14285714","2 443,57142857","0,67%",,,,,,
2020-07-25,4424,26,596,3324,323673,33028,,"0,59%","1,37%","1,2%",504,"13,47%","75,14%",7453,3819,"0,68%",0,12,68,5,"11,39%",-2,1,"13,49%","7,35%","1,26744186","1,66","15,57142857","0,00000000","2 648,57142857","0,64%",,,,,,
2020-07-26,4435,11,596,3329,326554,33322,,"0,25%","1,36%","0,9%",510,"13,44%","75,06%",7824,2881,"0,38%",0,5,69,6,"11,50%",1,1,"13,53%","8,70%","1,03030303","1,53","14,57142857","0,00000000","2 672,57142857","0,60%",,,,,,
2020-07-27,4448,13,596,3329,328583,33529,,"0,29%","1,35%","0,6%",523,"13,40%","74,84%",8490,2029,"0,64%",0,0,71,6,"11,76%",2,0,"13,58%","8,45%","1,184782609","1,47","15,57142857","0,00000000","2 644,71428571","0,65%",,,,,,
2020-07-28,4456,8,596,3331,330239,33698,,"0,18%","1,35%","0,5%",529,"13,38%","74,75%",8970,1656,"0,48%",0,2,76,6,"11,87%",5,0,"14,37%","7,89%","1,224719101","1,41","15,57142857","0,00000000","2 772,71428571","0,57%",,,,,,
2020-07-29,4465,9,596,3339,333446,34025,,"0,20%","1,34%","1,0%",530,"13,35%","74,78%",8683,3207,"0,28%",0,8,76,6,"11,87%",0,0,"14,34%","7,89%","0,9611650485","1,27","14,14285714","0,00000000","2 922,57142857","0,48%",,,,,,
2020-07-30,4484,19,596,3346,336461,34333,,"0,43%","1,33%","0,9%",542,"13,29%","74,62%",7819,3015,"0,63%",0,7,76,6,"12,09%",0,0,"14,02%","7,89%","1,02970297","1,17","14,85714286","0,00000000","2 905,85714286","0,51%",,,,,,
2020-07-31,4505,21,596,3353,339163,34608,,"0,47%","1,33%","0,8%",556,"13,23%","74,43%",8083,2702,"0,78%",0,7,73,6,"12,34%",-3,0,"13,13%","8,22%","1,019047619","1,10","15,28571429","0,00000000","2 758,42857143","0,55%",,,,,,
2020-08-01,4526,21,597,3364,342887,34988,,"0,47%","1,32%","1,1%",565,"13,19%","74,33%",7782,3724,"0,56%",1,11,73,6,"12,48%",0,0,"12,92%","8,22%","0,9357798165","1,06","14,57142857","0,14285714","2 744,85714286","0,54%",,,,,,
2020-08-02,4535,9,597,3389,344997,35204,,"0,20%","1,31%","0,6%",549,"13,16%","74,73%",7436,2110,"0,43%",0,25,71,7,"12,11%",-2,1,"12,93%","9,86%","0,9803921569","1,05","14,28571429","0,14285714","2 634,71428571","0,54%",,,,,,
2020-08-03,4544,9,597,3413,346962,35404,,"0,20%","1,31%","0,6%",534,"13,14%","75,11%",7657,1965,"0,46%",0,24,74,7,"11,75%",3,0,"13,86%","9,46%","0,880733945","1,00","13,71428571","0,14285714","2 625,57142857","0,52%",,,,,,
2020-08-04,4553,9,598,3415,348132,35524,,"0,20%","1,31%","0,3%",540,"13,13%","75,01%",7742,1170,"0,77%",1,2,74,7,"11,86%",0,0,"13,70%","9,46%","0,8899082569","0,96","13,85714286","0,28571429","2 556,14285714","0,56%",,,,,,
2020-08-05,4564,11,599,3431,350108,35725,,"0,24%","1,30%","0,6%",534,"13,12%","75,18%",6858,1976,"0,56%",1,16,72,7,"11,70%",-2,0,"13,48%","9,72%",1,"0,96","14,14285714","0,42857143","2 380,28571429","0,60%",,,,,,
2020-08-06,4597,33,600,3463,352546,35974,,"0,72%","1,30%","0,7%",534,"13,05%","75,33%",7227,2438,"1,35%",1,32,74,8,"11,62%",2,1,"13,86%","10,81%","1,086538462","0,97","16,14285714","0,57142857","2 297,85714286","0,70%",,,,,,
2020-08-07,4621,24,602,3464,355467,36272,,"0,52%","1,30%","0,8%",555,"13,03%","74,96%",7092,2921,"0,82%",2,1,72,6,"12,01%",-2,-2,"12,97%","8,33%","1,08411215","0,98","16,57142857","0,85714286","2 329,14285714","0,71%",,,,,,
2020-08-08,4653,32,602,3491,358437,36575,,"0,69%","1,30%","0,8%",560,"12,94%","75,03%",,2970,"1,08%",0,27,69,6,"12,04%",-3,0,"12,32%","8,70%","1,245098039","1,02","18,14285714","0,71428571","2 221,42857143","0,78%",,,,,,
2020-08-09,4696,43,602,3499,360772,36813,,"0,92%","1,30%","0,6%",595,"12,82%","74,51%",7184,2335,"1,84%",0,8,73,6,"12,67%",4,0,"12,27%","8,22%","1,61","1,11","23,00000000","0,71428571","2 253,57142857","0,98%",,,,,,
2020-08-10,4731,35,605,3525,362660,37006,,"0,75%","1,30%","0,5%",601,"12,79%","74,51%",,1888,"1,85%",3,26,61,6,"12,70%",-12,0,"10,15%","9,84%","1,947916667","1,27","26,71428571","1,14285714","2 242,57142857","1,18%",,,,,,
2020-08-11,4746,15,605,3527,363459,37088,,"0,32%","1,31%","0,2%",614,"12,75%","74,32%",,799,"1,88%",0,2,62,5,"12,94%",1,-1,"10,10%","8,06%","1,989690722","1,42","27,57142857","1,00000000","2 189,57142857","1,34%",,,,,,
2020-08-12,4768,22,605,3529,366356,37383,,"0,46%","1,30%","0,8%",634,"12,69%","74,01%",,2897,"0,76%",0,2,64,5,"13,30%",2,0,"10,09%","7,81%","2,060606061","1,57","29,14285714","0,85714286","2 321,14285714","1,37%",,,,,,
2020-08-13,4813,45,607,3561,369545,37709,,"0,94%","1,30%","0,9%",645,"12,61%","73,99%",,3189,"1,41%",2,32,66,5,"13,40%",2,0,"10,23%","7,58%","1,911504425","1,69","30,85714286","1,00000000","2 428,42857143","1,38%",,,,,,
2020-08-14,4853,40,607,3590,372687,38029,,"0,83%","1,30%","0,8%",656,"12,51%","73,97%",,3142,"1,27%",0,29,64,6,"13,52%",-2,1,"9,76%","9,38%",2,"1,82","33,14285714","0,71428571","2 460,00000000","1,44%",,,,,,
2020-08-15,4877,24,607,3606,375685,38335,,"0,49%","1,30%","0,8%",664,"12,45%","73,94%",,2998,"0,80%",0,16,63,6,"13,61%",-1,0,"9,49%","9,52%","1,763779528","1,90","32,00000000","0,71428571","2 464,00000000","1,40%",,,,,,
2020-08-16,4916,39,608,3623,378608,38633,,"0,80%","1,30%","0,8%",685,"12,37%","73,70%",,2923,"1,33%",1,17,62,6,"13,93%",-1,0,"9,05%","9,68%","1,366459627","1,86","31,42857143","0,85714286","2 548,00000000","1,33%",,,,,,
2020-08-17,4946,30,608,3630,380932,38871,,"0,61%","1,30%","0,6%",708,"12,29%","73,39%",8188,2324,"1,29%",0,7,62,6,"14,31%",0,0,"8,76%","9,68%","1,14973262","1,75","30,71428571","0,42857143","2 610,28571429","1,25%",,,,,,
2020-08-18,4970,24,609,3631,383411,39124,,"0,49%","1,30%","0,6%",730,"12,25%","73,06%",,2479,"0,97%",1,1,60,6,"14,69%",-2,0,"8,22%","10,00%","1,160621762","1,63","32,00000000","0,57142857","2 850,28571429","1,12%",,,,,,
2020-08-19,5002,32,609,3665,387111,39501,,"0,64%","1,29%","1,0%",728,"12,18%","73,27%",,3700,"0,86%",0,34,57,7,"14,55%",-3,1,"7,83%","12,28%","1,147058824","1,50","33,42857143","0,57142857","2 965,00000000","1,13%",,,,,,
2020-08-20,5046,44,609,3678,390079,39804,,"0,88%","1,29%","0,8%",759,"12,07%","72,89%",,2968,"1,48%",0,13,57,7,"15,04%",0,0,"7,51%","12,28%","1,078703704","1,38","33,28571429","0,28571429","2 933,42857143","1,14%",,,,,,
2020-08-21,5098,52,611,3681,393431,40146,,"1,03%","1,30%","0,9%",806,"11,99%","72,20%",,3352,"1,55%",2,3,58,6,"15,81%",1,-1,"7,20%","10,34%","1,056034483","1,25","35,00000000","0,57142857","2 963,42857143","1,18%",,,,,,
2020-08-22,5133,35,611,3692,394911,40297,,"0,69%","1,30%","0,4%",830,"11,90%","71,93%",,1480,"2,36%",0,11,60,7,"16,17%",2,1,"7,23%","11,67%","1,142857143","1,16","36,57142857","0,57142857","2 746,57142857","1,41%",,,,,,
2020-08-23,5155,22,613,3695,397092,40520,,"0,43%","1,30%","0,5%",847,"11,89%","71,68%",7470,2181,"1,01%",2,3,59,7,"16,43%",-1,0,"6,97%","11,86%","1,086363636","1,12","34,14285714","0,71428571","2 640,57142857","1,36%",,,,,,
2020-08-24,5191,36,613,3695,398550,40668,,"0,70%","1,30%","0,4%",883,"11,81%","71,18%",7917,1458,"2,47%",0,0,59,9,"17,01%",0,2,"6,68%","15,25%","1,139534884","1,12","35,00000000","0,71428571","2 516,85714286","1,53%",,,,,,
2020-08-25,5215,24,614,3716,400442,40861,,"0,46%","1,30%","0,5%",885,"11,77%","71,26%",,1892,"1,27%",1,21,57,7,"16,97%",-2,-2,"6,44%","12,28%","1,09375","1,11","35,00000000","0,71428571","2 433,00000000","1,57%",,,,,,
2020-08-26,5288,73,614,3734,405067,41333,,"1,40%","1,31%","1,1%",940,"11,61%","70,61%",7707,4625,"1,58%",0,18,64,7,"17,78%",7,0,"6,81%","10,94%","1,222222222","1,12","40,85714286","0,71428571","2 565,14285714","1,67%",,,,,,
2020-08-27,5379,91,614,3757,408799,41714,,"1,72%","1,32%","0,9%",1008,"11,41%","69,85%",,3732,"2,44%",0,23,69,8,"18,74%",5,1,"6,85%","11,59%","1,429184549","1,17","47,57142857","0,71428571","2 674,28571429","1,81%",,,,,,
2020-08-28,5511,132,614,3759,414645,42311,,"2,45%","1,33%","1,4%",1138,"11,14%","68,21%",8008,5846,"2,26%",0,2,78,7,"20,65%",9,-1,"6,85%","8,97%","1,685714286","1,26","59,00000000","0,42857143","3 030,57142857","1,91%",,,,,,
2020-08-29,5669,158,614,3759,417890,42642,,"2,87%","1,36%","0,8%",1296,"10,83%","66,31%",8191,3245,"4,87%",0,0,90,7,"22,86%",12,0,"6,94%","7,78%","2,09375","1,39","76,57142857","0,42857143","3 282,71428571","2,27%",,,,,,
2020-08-30,5961,292,614,3759,424270,43293,,"5,15%","1,41%","1,5%",1588,"10,30%","63,06%",8633,6380,"4,58%",0,0,90,7,"26,64%",0,0,"5,67%","7,78%","3,372384937","1,72","115,14285714","0,14285714","3 882,57142857","2,78%",,,,,,
2020-08-31,6139,178,615,3761,428150,43689,,"2,99%","1,43%","0,9%",1763,"10,02%","61,26%",8982,3880,"4,59%",1,2,103,7,"28,72%",13,0,"5,84%","6,80%","3,869387755","2,11","135,42857143","0,28571429","4 228,57142857","3,08%",,,,,,
2020-09-01,6257,118,616,3821,429942,43872,,"1,92%","1,46%","0,4%",1820,"9,84%","61,07%",10124,1792,"6,58%",1,60,96,7,"29,09%",-7,0,"5,27%","7,29%","4,253061224","2,56","148,85714286","0,28571429","4 214,28571429","3,84%",,,,,,
2020-09-02,6622,365,619,3903,437531,44646,,"5,83%","1,51%","1,7%",2100,"9,35%","58,94%",11485,7589,"4,81%",3,82,98,7,"31,71%",2,0,"4,67%","7,14%","4,664335664","3,05","190,57142857","0,71428571","4 637,71428571","4,30%",,,,,,
2020-09-03,6923,301,620,3930,445047,45413,,"4,55%","1,56%","1,7%",2373,"8,96%","56,77%",12608,7516,"4,00%",1,27,100,7,"34,28%",2,0,"4,21%","7,00%","4,636636637","3,51","220,57142857","0,85714286","5 178,28571429","4,53%",,,,,,
2020-09-04,7382,459,621,3944,452138,46137,,"6,63%","1,63%","1,6%",2817,"8,41%","53,43%",14619,7091,"6,47%",1,14,120,8,"38,16%",20,1,"4,26%","6,67%","4,530266344","3,92","267,28571429","1,00000000","5 356,14285714","5,13%",,,,,,
2020-09-05,7892,510,624,3952,460235,46963,,"6,91%","1,71%","1,8%",3316,"7,91%","50,08%",16438,8097,"6,30%",3,8,139,9,"42,02%",19,1,"4,19%","6,47%","4,14738806","4,21","317,57142857","1,42857143","6 049,28571429","5,33%",,,,,,
2020-09-06,8387,495,624,3958,470000,47959,,"6,27%","1,78%","2,1%",3805,"7,44%","47,19%",18480,9765,"5,07%",0,6,151,11,"45,37%",12,2,"3,97%","7,28%","3,009925558","4,16","346,57142857","1,42857143","6 532,85714286","5,40%",,,,,,
2020-09-07,8963,576,625,3961,481424,49125,,"6,87%","1,86%","2,4%",4377,"6,97%","44,19%",21756,11424,"5,04%",1,3,164,11,"48,83%",13,0,"3,75%","6,71%","2,978902954","4,03","403,42857143","1,42857143","7 610,57142857","5,47%",,,,,,
2020-09-08,9304,341,626,3972,487146,49709,,"3,80%","1,91%","1,2%",4706,"6,73%","42,69%",23318,5722,"5,96%",1,11,192,12,"50,58%",28,1,"4,08%","6,25%","2,924184261","3,84","435,28571429","1,42857143","8 172,00000000","5,38%",,,,,,
2020-09-09,9715,411,628,3984,495481,50559,,"4,42%","1,96%","1,7%",5103,"6,46%","41,01%",23461,8335,"4,93%",2,12,221,13,"52,53%",29,1,"4,33%","5,88%","2,318590705","3,51","441,85714286","1,28571429","8 278,57142857","5,40%",,,,,,
2020-09-10,10191,476,630,3990,505585,51590,,"4,90%","2,02%","2,0%",5571,"6,18%","39,15%",25043,10104,"4,71%",2,6,234,11,"54,67%",13,-2,"4,20%","4,70%","2,116580311","3,15","466,85714286","1,42857143","8 648,28571429","5,50%",,,,,,
2020-09-11,10909,718,631,4014,517222,52778,,"7,05%","2,11%","2,2%",6264,"5,78%","36,80%",25117,11637,"6,17%",1,24,259,12,"57,42%",25,1,"4,13%","4,63%","1,885088188","2,77","503,85714286","1,42857143","9 297,71428571","5,45%",,,,,,
2020-09-12,11825,916,633,4058,529063,53986,,"8,40%","2,24%","2,2%",7134,"5,35%","34,32%",25569,11841,"7,74%",2,44,282,15,"60,33%",23,3,"3,95%","5,32%","1,769230769","2,43","561,85714286","1,28571429","9 832,57142857","5,66%",,,,,,
2020-09-13,12309,484,637,4069,537897,54887,,"4,09%","2,29%","1,6%",7603,"5,18%","33,06%",26531,8834,"5,48%",4,11,282,16,"61,77%",0,1,"3,71%","5,67%","1,616652927","2,23","560,28571429","1,85714286","9 699,57142857","5,72%",,,,,,
2020-09-14,13153,844,642,4117,549211,56042,,"6,86%","2,39%","2,1%",8394,"4,88%","31,30%",26668,11314,"7,46%",5,48,287,16,"63,82%",5,0,"3,42%","5,57%","1,483711048","2,02","598,57142857","2,42857143","9 683,85714286","6,06%",,,,,,
2020-09-15,13879,726,646,4130,557864,56925,,"5,52%","2,49%","1,6%",9103,"4,65%","29,76%",28584,8653,"8,39%",4,13,306,17,"65,59%",19,1,"3,36%","5,56%","1,501476862","1,81","653,57142857","2,85714286","10 102,57142857","6,41%",,,,,,
2020-09-16,14460,581,654,4153,567691,57928,,"4,19%","2,55%","1,7%",9653,"4,52%","28,72%",29005,9827,"5,91%",8,23,324,18,"66,76%",18,1,"3,36%","5,56%","1,534109279","1,70","677,85714286","3,71428571","10 315,71428571","6,55%",,,,,,
2020-09-17,15170,710,663,4227,580072,59191,,"4,91%","2,62%","2,1%",10280,"4,37%","27,86%",28920,12381,"5,73%",9,74,328,21,"67,77%",4,3,"3,19%","6,40%","1,523561812","1,62","711,28571429","4,71428571","10 641,00000000","6,70%",,,,,,
2020-09-18,16111,941,669,4240,591618,60369,,"6,20%","2,72%","2,0%",11202,"4,15%","26,32%",27866,11546,"8,15%",6,13,374,29,"69,53%",46,8,"3,34%","7,75%","1,474907854","1,56","743,14285714","5,42857143","10 628,00000000","6,98%",,,,,,
2020-09-19,16920,809,675,4382,604122,61645,,"5,02%","2,80%","2,1%",11863,"3,99%","25,90%",28527,12504,"6,47%",6,142,386,30,"70,11%",12,1,"3,25%","7,77%","1,295448767","1,49","727,85714286","6,00000000","10 722,71428571","6,80%",,,,,,
2020-09-20,17990,1070,683,4391,615999,62857,,"6,32%","2,92%","1,9%",12916,"3,80%","24,41%",25583,11877,"9,01%",8,9,404,32,"71,80%",18,2,"3,13%","7,92%","1,448495665","1,47","811,57142857","6,57142857","11 157,42857143","7,30%",,,,,,
2020-09-21,18866,876,686,4401,626021,63880,,"4,87%","3,01%","1,6%",13779,"3,64%","23,33%",26750,10022,"8,74%",3,10,463,35,"73,04%",59,3,"3,36%","7,56%","1,363484487","1,45","816,14285714","6,28571429","10 972,85714286","7,49%",,,,,,
2020-09-22,19499,633,694,4559,632031,64493,,"3,36%","3,09%","1,0%",14246,"3,56%","23,38%",25212,6010,"10,53%",8,158,534,36,"73,06%",71,1,"3,75%","6,74%","1,228415301","1,41","802,85714286","6,85714286","10 595,28571429","7,79%",,,,,,
2020-09-23,20450,951,702,4644,645492,65867,,"4,88%","3,17%","2,1%",15104,"3,43%","22,71%",27449,13461,"7,06%",8,85,558,35,"73,86%",24,-1,"3,69%","6,27%","1,262381454","1,37","855,71428571","6,85714286","11 114,42857143","7,96%",,,,,,
2020-09-24,21200,750,709,4818,657437,67085,,"3,67%","3,22%","1,8%",15673,"3,34%","22,73%",27403,11945,"6,28%",7,174,549,32,"73,93%",-9,-3,"3,50%","5,83%","1,211086564","1,33","861,42857143","6,57142857","11 052,14285714","8,03%",,,,,,
2020-09-25,22127,927,718,4945,668553,68220,,"4,37%","3,31%","1,7%",16464,"3,24%","22,35%",25374,11116,"8,34%",9,127,577,30,"74,41%",28,-2,"3,50%","5,20%","1,156478278","1,28","859,42857143","7,00000000","10 990,71428571","8,06%",,,,,,
2020-09-26,23077,950,730,5099,680335,69422,,"4,29%","3,39%","1,7%",17248,"3,16%","22,10%",25017,11782,"8,06%",12,154,589,36,"74,74%",12,6,"3,41%","6,11%","1,208439647","1,27","879,57142857","7,85714286","10 887,57142857","8,29%",,,,,,
2020-09-27,24014,937,736,5141,690408,70450,,"4,06%","3,48%","1,5%",18137,"3,06%","21,41%",24538,10073,"9,30%",6,42,620,38,"75,53%",31,2,"3,42%","6,13%","1,060376694","1,21","860,57142857","7,57142857","10 629,85714286","8,33%",,,,,,
2020-09-28,24716,702,749,5152,697473,71171,,"2,92%","3,54%","1,0%",18815,"3,03%","20,84%",24017,7065,"9,94%",13,11,693,44,"76,12%",73,6,"3,68%","6,35%","1,023980396","1,16","835,71428571","9,00000000","10 207,42857143","8,50%",,,,,,
2020-09-29,25567,851,757,5173,704510,71889,,"3,44%","3,63%","1,0%",19637,"2,96%","20,23%",23740,7037,"12,09%",8,21,755,51,"76,81%",62,7,"3,84%","6,75%","1,079715302","1,14","866,85714286","9,00000000","10 354,14285714","8,72%",,,,,,
2020-09-30,26461,894,765,5890,715677,73028,,"3,50%","3,70%","1,6%",19806,"2,89%","22,26%",24121,11167,"8,01%",8,717,773,54,"74,85%",18,3,"3,90%","6,99%","1,003505843","1,11","858,71428571","9,00000000","10 026,42857143","8,86%",,,,,,
2020-10-01,27309,848,781,6118,727649,74250,,"3,20%","3,75%","1,6%",20410,"2,86%","22,40%",21930,11972,"7,08%",16,228,757,52,"74,74%",-16,-2,"3,71%","6,87%","1,013101161","1,08","872,71428571","10,28571429","10 030,28571429","8,97%",,,,,,
2020-10-02,28631,1322,798,6349,740043,75515,,"4,84%","3,87%","1,7%",21484,"2,79%","22,18%",22906,12394,"10,67%",17,231,740,47,"75,04%",-17,-5,"3,44%","6,35%","1,081117021","1,07","929,14285714","11,42857143","10 212,85714286","9,31%",,,,,,
2020-10-03,29717,1086,812,6824,751217,76655,,"3,79%","3,96%","1,5%",22081,"2,73%","22,96%",22749,11174,"9,72%",14,475,704,43,"74,30%",-36,-4,"3,19%","6,11%","1,078447296","1,05","948,57142857","11,71428571","10 126,00000000","9,54%",,,,,,
2020-10-04,30575,858,822,7470,759174,77467,,"2,89%","4,03%","1,0%",22283,"2,69%","24,43%",19923,7957,"10,78%",10,646,685,42,"72,88%",-19,-1,"3,07%","6,13%","1,089143426","1,05","937,28571429","12,28571429","9 823,71428571","9,76%",,,,,,
2020-10-05,31480,905,833,8165,765598,78122,,"2,96%","4,11%","0,8%",22482,"2,65%","25,94%",20199,6424,"14,09%",11,695,649,40,"71,42%",-36,-2,"2,89%","6,16%","1,156239316","1,07","966,28571429","12,00000000","9 732,14285714","10,35%",,,,,,
2020-10-06,32298,818,853,8723,771297,78704,,"2,60%","4,19%","0,7%",22722,"2,64%","27,01%",20088,5699,"14,35%",20,558,627,37,"70,35%",-22,-3,"2,76%","5,90%","1,109261701","1,08","961,57142857","13,71428571","9 541,00000000","10,67%",,,,,,
2020-10-07,33114,816,877,9149,781023,79696,,"2,53%","4,24%","1,26%",23088,"2,65%","27,63%",20319,9726,"8,39%",24,426,656,41,"69,72%",29,4,"2,84%","6,25%","1,106804192","1,09","950,42857143","16,00000000","9 335,14285714","10,73%",,,,,,
2020-10-08,34046,932,898,9187,792485,80866,,"2,81%","4,30%","1,47%",23961,"2,64%","26,98%",20217,11462,"8,13%",21,38,804,56,"70,38%",148,15,"3,36%","6,97%","1,102799149","1,10","962,42857143","16,71428571","9 262,28571429","10,88%",,,,,,
2020-10-09,35222,1176,913,9202,803648,82005,,"3,45%","4,38%","1,41%",25107,"2,59%","26,13%",22385,11163,"10,53%",15,15,993,82,"71,28%",189,26,"3,96%","8,26%","1,013376384","1,09","941,57142857","16,42857143","9 086,42857143","10,86%",,,,,,
2020-10-10,36596,1374,933,9683,815367,83201,,"3,90%","4,49%","1,46%",25980,"2,55%","26,46%",22780,11719,"11,72%",20,481,1174,110,"70,99%",181,28,"4,52%","9,37%","1,035993976","1,09","982,71428571","17,28571429","9 164,28571429","11,14%",,,,,,
2020-10-11,37664,1068,954,10848,825570,84242,,"2,92%","4,56%","1,25%",25862,"2,53%","28,80%",22215,10203,"10,47%",21,1165,1252,138,"68,67%",78,28,"4,84%","11,02%","1,080475537","1,09","1 012,71428571","18,85714286","9 485,14285714","11,10%",,,,,,
2020-10-12,38837,1173,968,11037,834097,85112,,"3,11%","4,66%","1,03%",26832,"2,49%","28,42%",21491,8527,"13,76%",14,189,1418,154,"69,09%",166,16,"5,28%","10,86%","1,087670018","1,08","1 051,00000000","19,28571429","9 785,57142857","11,05%",,,,,,
2020-10-13,39862,1025,996,11753,841220,85839,,"2,64%","4,74%","0,85%",27113,"2,50%","29,48%",21990,7123,"14,39%",28,716,1519,160,"68,02%",101,6,"5,60%","10,53%","1,123755757","1,08","1 080,57142857","20,42857143","9 989,00000000","11,06%",,,,,,
2020-10-14,40782,920,1023,12164,850878,86824,,"2,31%","4,79%","1,15%",27595,"2,51%","29,83%",23815,9658,"9,53%",27,411,1538,156,"67,66%",19,-4,"5,57%","10,14%","1,152562754","1,09","1 095,42857143","20,85714286","9 979,28571429","11,22%",,,,,,
2020-10-15,41732,950,1052,12628,861620,87920,,"2,33%","4,84%","1,26%",28052,"2,52%","30,26%",24710,10742,"8,84%",29,464,1555,167,"67,22%",17,11,"5,54%","10,74%","1,140863886","1,09","1 098,00000000","22,00000000","9 876,42857143","11,32%",,,,,,
2020-10-16,43025,1293,1085,13134,871417,88920,,"3,10%","4,94%","1,14%",28806,"2,52%","30,53%",22656,9797,"13,20%",33,506,1642,171,"66,95%",87,4,"5,70%","10,41%","1,183887119","1,12","1 114,71428571","24,57142857","9 681,28571429","11,70%",,,,,,
2020-10-17,44816,1791,1109,13580,884388,90244,,"4,16%","5,07%","1,49%",30127,"2,47%","30,30%",25647,12971,"13,81%",24,446,1693,185,"67,22%",51,14,"5,62%","10,93%","1,194941125","1,14","1 174,28571429","25,14285714","9 860,14285714","12,00%",,,,,,
2020-10-18,46290,1474,1142,14088,894385,91264,,"3,29%","5,18%","1,13%",31060,"2,47%","30,43%",25734,9997,"14,74%",33,508,1712,179,"67,10%",19,-6,"5,51%","10,46%","1,216814783","1,16","1 232,28571429","26,85714286","9 830,71428571","12,61%",,,,,,
2020-10-19,47768,1478,1173,14312,904036,92249,,"3,19%","5,28%","1,08%",32283,"2,46%","29,96%",24929,9651,"15,31%",31,224,1896,188,"67,58%",184,9,"5,87%","9,92%","1,213945902","1,18","1 275,85714286","29,28571429","9 991,28571429","12,83%",,,,,,
2020-10-20,48757,989,1211,14637,910368,92895,,"2,07%","5,36%","0,70%",32909,"2,48%","30,02%",24780,6332,"15,62%",38,325,1960,197,"67,50%",64,9,"5,96%","10,05%","1,175965098","1,18","1 270,71428571","30,71428571","9 878,28571429","13,01%",,,,,,
2020-10-21,50180,1423,1259,14905,919481,93825,,"2,92%","5,46%","1,00%",34016,"2,51%","29,70%",25203,9113,"15,62%",48,268,2023,201,"67,79%",63,4,"5,95%","9,94%","1,225612937","1,19","1 342,57142857","33,71428571","9 800,42857143","13,88%",,,,,,
2020-10-22,52212,2032,1305,15254,935842,95494,,"4,05%","5,58%","1,78%",35653,"2,50%","29,22%",24764,16361,"12,42%",46,349,2132,197,"68,29%",109,-4,"5,98%","9,24%","1,363518085","1,22","1 497,14285714","36,14285714","10 603,14285714","14,39%",,,,,,
2020-10-23,54278,2066,1352,15655,949470,96885,,"3,96%","5,72%","1,46%",37272,"2,49%","28,84%",28261,13628,"15,16%",47,401,2209,200,"68,67%",77,3,"5,93%","9,05%","1,442137639","1,26","1 607,57142857","38,14285714","11 150,42857143","14,67%",,,,,,
2020-10-24,56098,1820,1390,16007,961441,98106,,"3,35%","5,83%","1,26%",38701,"2,48%","28,53%",27859,11971,"15,20%",38,352,2245,205,"68,99%",36,5,"5,80%","9,13%","1,372506083","1,29","1 611,71428571","40,14285714","11 007,57142857","14,87%",,,,,,
2020-10-25,59247,3149,1425,16242,980373,100038,,"5,61%","6,04%","1,97%",41580,"2,41%","27,41%",27883,18932,"16,63%",35,235,2449,221,"70,18%",204,16,"5,89%","9,02%","1,502086715","1,33","1 851,00000000","40,42857143","12 284,00000000","15,14%",,,,,,
2020-10-26,61563,2316,1472,16491,990383,101059,,"3,91%","6,22%","1,02%",43600,"2,39%","26,79%",28070,10010,"23,14%",47,249,2602,233,"70,82%",153,12,"5,97%","8,95%","1,544619863","1,38","1 970,71428571","42,71428571","12 335,28571429","16,26%",,,,,,
2020-10-27,63642,2079,1535,16646,1002093,102254,,"3,38%","6,35%","1,18%",45461,"2,41%","26,16%",27050,11710,"17,75%",63,155,2891,243,"71,43%",289,10,"6,36%","8,41%","1,673412029","1,45","2 126,42857143","46,28571429","13 103,57142857","16,56%",,,,,,
2020-10-28,65933,2291,1578,17098,1017689,103846,,"3,60%","6,48%","1,56%",47257,"2,39%","25,93%",36678,15596,"14,69%",43,452,3166,263,"71,67%",275,20,"6,70%","8,31%","1,676207704","1,51","2 250,42857143","45,57142857","14 029,71428571","16,43%",,,,,,
2020-10-29,68127,2194,1634,17469,1032942,105402,,"3,33%","6,60%","1,50%",49024,"2,40%","25,64%",25585,15253,"14,38%",56,371,3197,255,"71,96%",31,-8,"6,52%","7,98%","1,51860687","1,53","2 273,57142857","47,00000000","13 871,42857143","16,71%",,,,,,
2020-10-30,71413,3286,1699,17953,1048580,106998,,"4,82%","6,81%","1,51%",51761,"2,38%","25,14%",26396,15638,"21,01%",65,484,3753,267,"72,48%",556,12,"7,25%","7,11%","1,522705056","1,54","2 447,85714286","49,57142857","14 158,57142857","17,54%",,,,,,
2020-10-31,75321,3908,1750,19032,1065143,108688,,"5,47%","7,07%","1,58%",54539,"2,32%","25,27%",28596,16563,"23,59%",51,1079,4048,281,"72,41%",295,14,"7,42%","6,94%","1,703864563","1,59","2 746,14285714","51,42857143","14 814,57142857","18,74%",,,,,,
2020-11-01,79199,3878,1819,20078,1083743,110586,,"5,15%","7,31%","1,75%",57302,"2,30%","25,35%",29635,18600,"20,85%",69,1046,4205,306,"72,35%",157,25,"7,34%","7,28%","1,539862623","1,60","2 850,28571429","56,28571429","14 767,14285714","19,35%",,,,,,
2020-11-02,82780,3581,1889,20476,1097371,111977,,"4,52%","7,54%","1,26%",60415,"2,28%","24,74%",29750,13628,"26,28%",70,398,4417,313,"72,98%",212,7,"7,31%","7,09%","1,538021022","1,60","3 031,00000000","59,57142857","15 284,00000000","19,79%",,,,,,
2020-11-03,86769,3989,1973,20856,1111991,113468,,"4,82%","7,80%","1,33%",63940,"2,27%","24,04%",30984,14620,"27,28%",84,380,4767,348,"73,69%",350,35,"7,46%","7,30%","1,55371179","1,58","3 303,85714286","62,57142857","15 699,71428571","21,16%",,,,,,
2020-11-04,90988,4219,2063,21232,1129648,115270,,"4,86%","8,05%","1,59%",67693,"2,27%","23,33%",32743,17657,"23,89%",90,376,4871,355,"74,40%",104,7,"7,20%","7,29%","1,5904907","1,57","3 579,28571429","69,28571429","15 994,14285714","22,47%",,,,,,
2020-11-05,94916,3928,2147,22823,1147616,117104,,"4,32%","8,27%","1,59%",69946,"2,26%","24,05%",34603,17968,"21,86%",84,1591,5183,378,"73,69%",312,23,"7,41%","7,29%","1,683254791","1,59","3 827,00000000","73,28571429","16 382,00000000","23,54%",,,,,,
2020-11-06,99625,4709,2250,23213,1167641,119147,,"4,96%","8,53%","1,74%",74162,"2,26%","23,30%",34603,20025,"23,52%",103,390,5489,391,"74,44%",306,13,"7,40%","7,12%","1,646454625","1,61","4 030,28571429","78,71428571","17 008,71428571","23,90%",,,,,,
2020-11-07,104943,5318,2357,24847,1189962,121425,,"5,34%","8,82%","1,91%",77739,"2,25%","23,68%",36911,22321,"23,83%",107,1634,5612,405,"74,08%",123,14,"7,22%","7,22%","1,54096655","1,58","4 231,71428571","86,71428571","17 831,28571429","23,93%",,,,,,
2020-11-08,109616,4673,2438,25070,1209151,123383,,"4,45%","9,07%","1,61%",82108,"2,22%","22,87%",34287,19189,"24,35%",81,223,5803,417,"74,91%",191,12,"7,07%","7,19%","1,524508821","1,58","4 345,28571429","88,42857143","17 915,42857143","24,43%",,,,,,
2020-11-09,114778,5162,2493,26161,1225399,125041,,"4,71%","9,37%","1,34%",86134,"2,17%","22,79%",36356,16248,"31,77%",55,1091,6061,415,"75,04%",258,-2,"7,04%","6,85%","1,508130273","1,58","4 571,14285714","86,28571429","18 289,71428571","25,21%",,,,,,
2020-11-10,118918,4140,2596,27585,1238467,126374,,"3,61%","9,60%","1,07%",88737,"2,18%","23,20%",36078,13068,"31,68%",103,1424,6153,461,"74,62%",92,46,"6,93%","7,49%","1,390106802","1,55","4 592,71428571","89,00000000","18 068,00000000","25,84%",,,,,,
2020-11-11,122863,3945,2697,28808,1259454,128516,,"3,32%","9,76%","1,69%",91358,"2,20%","23,45%",36492,20987,"18,80%",101,1223,6352,473,"74,36%",199,12,"6,95%","7,45%","1,272201157","1,51","4 553,57142857","90,57142857","18 543,71428571","25,11%",,,,,,
2020-11-12,126790,3927,2784,29302,1282975,130916,,"3,20%","9,88%","1,87%",94704,"2,20%","23,11%",34040,23521,"16,70%",87,494,6426,486,"74,69%",74,13,"6,79%","7,56%","1,189816716","1,44","4 553,42857143","91,00000000","19 337,00000000","24,38%",,,,,,
2020-11-13,131887,5097,2883,29802,1306887,133356,,"4,02%","10,09%","1,86%",99202,"2,19%","22,60%",36166,23912,"21,32%",99,500,6690,518,"75,22%",264,32,"6,74%","7,74%","1,143555934","1,37","4 608,85714286","90,42857143","19 892,28571429","24,06%",,,,,,
2020-11-14,136723,4836,2990,31126,1326027,135309,,"3,67%","10,31%","1,46%",102607,"2,19%","22,77%",36166,19140,"25,27%",107,1324,7029,531,"75,05%",339,13,"6,85%","7,55%","1,072851259","1,30","4 540,00000000","90,42857143","19 437,85714286","24,27%",,,,,,
2020-11-15,140961,4238,3097,31599,1354742,138239,,"3,10%","10,41%","2,17%",106265,"2,20%","22,42%",36411,28715,"14,76%",107,473,7013,569,"75,39%",-16,38,"6,60%","8,11%","1,030509255","1,23","4 477,85714286","94,14285714","20 798,71428571","22,90%",,,,,,
2020-11-16,147456,6495,3190,34010,1360840,138861,,"4,61%","10,84%","0,45%",110256,"2,16%","23,06%",35090,6098,,93,2411,7236,582,"74,77%",223,13,"6,56%","8,04%","1,021251328","1,16","4 668,28571429","99,57142857","19 348,71428571","18,36%",,,,,,
2020-11-17,152659,5203,3281,34185,1388132,141646,,"3,53%","11,00%","2,01%",115193,"2,15%","22,39%",35042,27292,"19,06%",91,175,7477,576,"75,46%",241,-6,"6,49%","7,70%","1,049519425","1,11","4 820,14285714","97,85714286","21 380,71428571","16,56%",,,,,,
2020-11-18,156949,4290,3380,34846,1409651,143842,,"2,81%","11,13%","1,55%",118723,"2,15%","22,20%",35042,21519,"19,94%",99,661,7499,581,"75,64%",22,5,"6,32%","7,75%","1,069364706","1,08","4 869,42857143","97,57142857","21 456,71428571","16,72%",,,,,,
2020-11-19,161461,4512,3472,36345,1433008,146225,,"2,87%","11,27%","1,66%",121644,"2,15%","22,51%",38610,23357,"19,32%",92,1499,7532,580,"75,34%",33,-1,"6,19%","7,70%","1,087751773","1,07","4 953,00000000","98,28571429","21 433,28571429","17,09%",,,,,,
2020-11-20,165901,4440,3568,38074,1455868,148558,,"2,75%","11,40%","1,60%",124259,"2,15%","22,95%",42241,22860,"19,42%",96,1729,7512,604,"74,90%",-20,24,"6,05%","8,04%","1,054305375","1,06","4 859,14285714","97,85714286","21 283,00000000","16,82%",,,,,,
2020-11-21,170298,4397,3689,40820,1480674,151089,,"2,65%","11,50%","1,70%",125789,"2,17%","23,97%",40359,24806,"17,73%",121,2746,7358,599,"73,86%",-154,-5,"5,85%","8,14%","1,056482064","1,05","4 796,42857143","99,85714286","22 092,42857143","15,75%",,,,,,
2020-11-22,174618,4320,3800,42915,1502847,153352,,"2,54%","11,62%","1,50%",127903,"2,18%","24,58%",42370,22173,"19,48%",111,2095,7278,618,"73,25%",-80,19,"5,69%","8,49%","1,07375977","1,06","4 808,14285714","100,42857143","21 157,85714286","16,42%",,,,,,
2020-11-23,177952,3334,3891,43339,1518158,154914,,"1,91%","11,72%","1,02%",130722,"2,19%","24,35%",42071,15311,"21,78%",91,424,7461,627,"73,46%",183,9,"5,71%","8,40%","0,9332272477","1,05","4 356,57142857","100,14285714","22 474,00000000","19,53%",,,,,,
2020-11-24,181881,3929,4008,44020,1528302,155949,,"2,21%","11,90%","0,67%",133853,"2,20%","24,20%",41557,10144,"38,73%",117,681,7598,638,"73,59%",137,11,"5,68%","8,40%","0,8660679885","1,02","4 174,57142857","103,85714286","20 024,28571429","22,34%",,,,,,
2020-11-25,185687,3806,4114,46818,1548318,157992,,"2,09%","11,99%","1,31%",137553,"2,22%","25,21%",41558,20016,"19,01%",106,2798,7718,656,"74,08%",120,18,"5,61%","8,50%","0,8431027401","0,99","4 105,42857143","104,85714286","19 809,57142857","22,21%",,,,,,
2020-11-26,192047,6360,4229,49616,1580197,161245,,"3,43%","12,15%","2,06%",138202,"2,20%","25,84%",45750,31879,"19,95%",115,2798,7537,640,"71,96%",-181,-16,"5,45%","8,49%","0,8821781893","0,96","4 369,42857143","108,14285714","21 027,00000000","22,30%",,,,,,
2020-11-27,198440,6393,4364,52126,1601203,163388,,"3,33%","12,39%","1,33%",141950,"2,20%","26,27%",49549,21006,"30,43%",135,2510,7591,647,"71,53%",54,7,"5,35%","8,52%","0,956635503","0,94","4 648,42857143","113,71428571","20 762,14285714","23,87%",,,,,,
2020-11-28,204708,6286,4516,54021,1622765,165588,,"3,16%","12,61%","1,35%",146171,"2,21%","26,39%",51142,21562,"29,15%",152,1895,7536,644,"71,40%",-55,-3,"5,16%","8,55%","1,025405808","0,94","4 918,28571429","118,14285714","20 298,71428571","25,51%",,,,,,
2020-11-29,211527,6819,4672,55637,1639076,167253,,"3,33%","12,91%","1,01%",151218,"2,21%","26,30%",51142,16311,"41,81%",156,1616,7590,657,"71,49%",54,13,"5,02%","8,66%","1,097156609","0,94","5 275,28571429","124,57142857","19 461,28571429","28,70%",,,,,,
2020-11-30,217122,5595,4823,63860,1648022,168166,,"2,65%","13,17%","0,55%",148439,"2,22%","29,41%",48796,8946,"62,54%",151,8223,7734,666,"68,37%",144,9,"5,21%","8,61%","1,285020986","0,99","5 598,28571429","133,14285714","18 552,00000000","34,52%",,,,,,
2020-12-01,221073,3951,4977,64802,1653780,168753,,"1,82%","13,37%","0,35%",151294,"2,25%","29,31%",48171,5758,"68,62%",154,942,7884,662,"68,44%",150,-4,"5,21%","8,40%","1,341797276","1,06","5 601,42857143","138,42857143","17 925,42857143","38,79%",,,,,,
2020-12-02,225209,4136,5142,65888,1850230,188799,,"1,87%","12,17%","11,88%",154179,"2,28%","29,26%",44318,14944,"27,68%",165,1086,7732,649,"68,46%",-152,-13,"5,01%","8,39%","1,375878628","1,14","5 648,57142857","146,85714286","17 200,85714286","40,03%",,,,,,
2020-12-03,231884,6635,5324,67033,1876274,191457,,"2,96%","12,36%","1,41%",159487,"2,30%","28,91%",50430,26044,"25,48%",182,1145,7693,663,"68,78%",-39,14,"4,82%","8,62%","1,301739358","1,20","5 687,85714286","156,42857143","16 367,28571429","40,82%",,,,,,
2020-12-04,238056,6212,5513,68525,1894753,193342,,"2,66%","12,56%","0,98%",164018,"2,32%","28,79%",53238,18479,"33,62%",189,1492,7812,639,"68,90%",119,-24,"4,76%","8,18%","1,218046037","1,24","5 662,00000000","164,14285714","16 006,28571429","41,27%",,,,,,
2020-12-05,243581,5525,5706,70396,1918043,195719,,"2,32%","12,70%","1,23%",167749,"2,34%","28,90%",53315,23290,"23,72%",193,1871,7695,637,"68,87%",-117,-2,"4,59%","8,28%","1,129110027","1,25","5 553,28571429","170,00000000","16 253,14285714","40,49%",,,,,,
2020-12-06,250278,6697,5868,71682,1941724,198135,,"2,75%","12,89%","1,23%",172728,"2,34%","28,64%",50283,23681,"28,28%",162,1286,7709,656,"69,01%",14,19,"4,46%","8,51%","1,049394752","1,24","5 535,85714286","170,85714286","17 306,00000000","38,56%",,,,,,
2020-12-07,254148,3870,5984,74283,1963148,200321,,"1,55%","12,95%","1,10%",173881,"2,35%","29,23%",51485,21424,"18,06%",116,2601,7932,674,"68,42%",223,18,"4,56%","8,50%","0,94483005","1,19","5 289,42857143","165,85714286","19 088,57142857","32,21%",,,,,,
2020-12-08,256367,2219,6120,75281,2158818,220288,,"0,87%","11,88%","9,97%",174966,"2,39%","29,36%",45542,9527,"23,29%",136,998,8045,656,"68,25%",113,-18,"4,60%","8,15%","0,9001275185","1,13","5 042,00000000","163,28571429","19 627,00000000","25,73%",,,,,,
2020-12-09,259588,3221,6280,76270,2187555,223220,,"1,26%","11,87%","1,33%",177038,"2,42%","29,38%",45957,28737,"11,21%",160,989,7945,661,"68,20%",-100,5,"4,49%","8,32%","0,8694739504","1,06","4 911,28571429","162,57142857","21 597,42857143","23,38%",,,,,,
2020-12-10,265003,5415,6451,77362,2216880,226212,,"2,09%","11,95%","1,34%",181190,"2,43%","29,19%",43923,29325,"18,47%",171,1092,7869,645,"68,37%",-76,-16,"4,34%","8,20%","0,8328268241","0,99","4 737,00000000","161,00000000","22 066,14285714","22,38%",,,,,,
2020-12-11,271200,6197,6622,78700,2245483,229131,,"2,34%","12,08%","1,29%",185878,"2,44%","29,02%",49524,28603,"21,67%",171,1338,7871,610,"68,54%",2,-35,"4,23%","7,75%","0,8362517031","0,94","4 734,85714286","158,42857143","23 512,42857143","20,67%",,,,,,
2020-12-12,276247,5047,6784,79769,2275935,232238,,"1,86%","12,14%","1,36%",189694,"2,46%","28,88%",49365,30452,"16,57%",162,1069,7807,610,"68,67%",-64,0,"4,12%","7,81%","0,8403261904","0,90","4 666,57142857","154,00000000","24 535,57142857","19,65%",,,,,,
2020-12-13,280400,4153,6965,80752,2301174,234814,,"1,50%","12,19%","1,11%",192683,"2,48%","28,80%",47486,25239,"16,45%",181,983,7646,606,"68,72%",-161,-4,"3,97%","7,93%","0,7773218756","0,86","4 303,14285714","156,71428571","24 758,14285714","17,96%",,,,,,
2020-12-14,283870,3470,7130,82546,2320419,236777,,"1,24%","12,23%","0,84%",194194,"2,51%","29,08%",43966,19245,"18,03%",165,1794,7667,605,"68,41%",21,-1,"3,95%","7,89%","0,8027332145","0,84","4 246,00000000","163,71428571","24 446,85714286","17,96%",,,,,,
2020-12-15,285763,1893,7237,83115,2393535,244238,,"0,67%","11,94%","3,15%",195411,"2,53%","29,09%",42752,10903,"17,36%",107,569,7845,597,"68,38%",178,-8,"4,01%","7,61%","0,832889443","0,83","4 199,42857143","159,57142857","24 643,42857143","17,11%",,,,,,
2020-12-16,288567,2804,7381,83940,2406171,245528,,"0,98%","11,99%","0,53%",197246,"2,56%","29,09%",42467,12636,"22,19%",144,825,7639,574,"68,35%",-206,-23,"3,87%","7,51%","0,8429273685","0,82","4 139,85714286","157,28571429","22 343,28571429","18,68%",,,,,,
2020-12-17,291549,2982,7538,86954,2424533,247401,,"1,03%","12,02%","0,76%",197057,"2,59%","29,82%",44248,18362,"16,24%",157,3014,7522,573,"67,59%",-117,-1,"3,82%","7,62%","0,8005669652","0,82","3 792,28571429","155,28571429","20 777,14285714","18,36%",,,,,,
2020-12-18,295977,4428,7725,89814,2456600,250673,,"1,52%","12,05%","1,32%",198438,"2,61%","30,34%",45075,32067,"13,81%",187,2860,7335,564,"67,05%",-187,-9,"3,70%","7,69%","0,7475561188","0,81","3 539,57142857","157,57142857","21 272,00000000","17,24%",,,,,,
2020-12-19,300022,4045,7914,93323,2480804,253143,,"1,37%","12,09%","0,99%",198785,"2,64%","31,11%",44010,24204,"16,71%",189,3509,7295,538,"66,26%",-40,-26,"3,67%","7,37%","0,7278209759","0,79","3 396,42857143","161,42857143","20 379,42857143","17,26%",,,,,,
2020-12-20,302989,2967,8099,97443,2504837,255596,,"0,99%","12,10%","0,97%",197447,"2,67%","32,16%",41445,24033,"12,35%",185,4120,7022,520,"65,17%",-273,-18,"3,56%","7,41%","0,7499170042","0,79","3 227,00000000","162,00000000","20 207,14285714","16,67%",,,,,,
2020-12-21,305130,2141,8282,102962,2520288,257172,,"0,71%","12,11%","0,62%",193886,"2,71%","33,74%",32486,15451,"13,86%",183,5519,7097,517,"63,54%",75,-3,"3,66%","7,28%","0,7152950676","0,77","3 037,14285714","164,57142857","19 665,14285714","16,07%",,,,,,
2020-12-22,306368,1238,8462,108676,2528225,257982,,"0,41%","12,12%","0,31%",189230,"2,76%","35,47%",35624,7937,"15,60%",180,5714,7124,522,"61,77%",27,5,"3,76%","7,33%","0,7009457069","0,76","2 943,57142857","175,00000000","19 241,42857143","15,82%",,,,,,
2020-12-23,308262,1894,8616,114631,2549464,260149,,"0,62%","12,09%","0,84%",185015,"2,80%","37,19%",29316,21239,"8,92%",154,5955,6727,495,"60,02%",-397,-27,"3,64%","7,36%","0,679630077","0,73","2 813,57142857","176,42857143","20 470,42857143","13,93%",,,,,,
2020-12-24,311554,3292,8729,120529,2575650,262821,,"1,07%","12,10%","1,03%",182296,"2,80%","38,69%",29019,26186,"12,57%",113,5898,6382,491,"58,51%",-345,-4,"3,50%","7,69%","0,7535975288","0,72","2 857,85714286","170,14285714","21 588,14285714","13,40%",,,,,,
2020-12-25,314164,2610,8833,123989,2597804,265082,,"0,84%","12,09%","0,86%",181342,"2,81%","39,47%",29961,22154,"11,78%",104,3460,6006,489,"57,72%",-376,-2,"3,31%","8,14%","0,7340275255","0,72","2 598,14285714","158,28571429","20 172,00000000","13,11%",,,,,,
2020-12-26,315362,1198,8951,126482,2607298,266051,,"0,38%","12,10%","0,37%",179929,"2,84%","40,11%",24878,9494,"12,62%",118,2493,6003,468,"57,05%",-3,-21,"3,34%","7,80%","0,6452155626","0,71","2 191,42857143","148,14285714","18 070,57142857","12,53%",,,,,,
2020-12-27,316060,698,9047,130420,2610590,266387,,"0,22%","12,11%","0,13%",176593,"2,86%","41,26%",24327,3292,"21,20%",96,3938,6072,467,"55,87%",69,-1,"3,44%","7,69%","0,578644473","0,69","1 867,28571429","135,42857143","15 107,57142857","13,79%",,,,,,
2020-12-28,316669,609,9161,134344,2615237,266861,,"0,19%","12,11%","0,18%",173164,"2,89%","42,42%",24327,4647,"13,11%",114,3924,6261,448,"54,68%",189,-19,"3,62%","7,16%","0,54275635","0,66","1 648,42857143","125,57142857","13 564,14285714","13,68%",1094,1094,,,,
2020-12-29,317571,902,9292,138365,2621427,267493,,"0,28%","12,11%","0,24%",169914,"2,93%","43,57%",21667,6190,"14,57%",131,4021,6298,444,"53,50%",37,-4,"3,71%","7,05%","0,5437029847","0,64","1 600,42857143","118,57142857","13 314,57142857","13,54%",2461,1367,,,,
2020-12-30,319543,1972,9429,144234,2639729,269360,,"0,62%","12,11%","0,70%",165880,"2,95%","45,14%",19496,18302,"10,77%",137,5869,6155,425,"51,91%",-143,-19,"3,71%","6,90%","0,5727849708","0,62","1 611,57142857","116,14285714","12 895,00000000","13,80%",3789,1328,,,,
2020-12-31,322514,2971,9537,150102,2657119,271135,,"0,93%","12,14%","0,66%",162875,"2,96%","46,54%",17704,17390,"17,08%",108,5868,5856,402,"50,50%",-299,-23,"3,60%","6,86%","0,5478630342","0,59","1 565,71428571","115,42857143","11 638,42857143","14,45%",5110,1321,,,,
2021-01-01,325278,2764,9667,157063,2675247,272984,,"0,86%","12,16%","0,68%",158548,"2,97%","48,29%",16421,18128,"15,25%",130,6961,5648,401,"48,74%",-208,-1,"3,56%","7,10%","0,6110958377","0,58","1 587,71428571","119,14285714","11 063,28571429","14,94%",6832,1722,,,,
2021-01-02,326688,1410,9781,163403,2685944,274076,,"0,43%","12,16%","0,40%",153504,"2,99%","50,02%",18239,10697,"13,18%",114,6340,5529,402,"46,99%",-119,1,"3,60%","7,27%","0,7383311604","0,59","1 618,00000000","118,57142857","11 235,14285714","15,02%",8554,1722,,,,
2021-01-03,327995,1307,9884,168381,2691904,274684,,"0,40%","12,18%","0,22%",149730,"3,01%","51,34%",16537,5960,"21,93%",103,4978,5619,403,"45,65%",90,1,"3,75%","7,17%","0,9130900467","0,64","1 705,00000000","119,57142857","11 616,28571429","15,13%",10277,1723,"1468,142857",,,
2021-01-04,328851,856,9977,174070,2700631,275575,,"0,26%","12,18%","0,32%",144804,"3,03%","52,93%",18794,8727,"9,81%",93,5689,5667,400,"44,03%",48,-3,"3,91%","7,06%","1,055724066","0,71","1 740,28571429","116,57142857","12 199,14285714","14,66%",12000,1723,1558,,,
2021-01-05,329721,870,10080,176576,2727896,278357,,"0,26%","12,09%","1,01%",143065,"3,06%","53,55%",20272,6521,"13,34%",103,2506,5760,394,"43,39%",93,-6,"4,03%","6,84%","1,084530929","0,79","1 735,71428571","112,57142857","12 246,42857143","14,48%",15000,3000,"1791,285714",,,
2021-01-06,331768,2047,10198,179541,2750625,280676,,"0,62%","12,06%","0,83%",142029,"3,07%","54,12%",20657,22729,"9,01%",118,2965,5646,396,"42,81%",-114,2,"3,98%","7,01%","1,083680525","0,86","1 746,42857143","109,85714286","12 878,85714286","14,23%",21000,6000,"2458,714286",,,
2021-01-07,334836,3068,10325,179541,2774915,283155,,"0,92%","12,07%","0,88%",144970,"3,08%","53,62%",21627,24290,"12,63%",127,3454,5387,367,"43,30%",-259,-29,"3,72%","6,81%","1,124270073","0,94","1 760,28571429","112,57142857","13 864,57142857","13,59%",31500,10500,3770,,,
2021-01-08,337743,2907,10440,186449,2798939,285606,,"0,87%","12,07%","0,87%",140854,"3,09%","55,20%",20865,24024,"12,10%",115,3454,5297,372,"41,70%",-90,5,"3,76%","7,02%","1,121558395","1,02","1 780,71428571","110,42857143","14 706,85714286","13,14%",42549,11049,"5102,428571",,,
2021-01-09,340459,2716,10554,193172,2820762,287833,,"0,80%","12,07%","0,78%",136733,"3,10%","56,74%",23281,21823,"12,45%",114,6723,5126,365,"40,16%",-171,-7,"3,75%","7,12%","1,215874978","1,09","1 967,28571429","110,42857143","16 296,28571429","13,04%",52032,9483,"6211,142857",,,
2021-01-10,342237,1778,10648,197936,2840024,289798,,"0,52%","12,05%","0,68%",133653,"3,11%","57,84%",22962,19262,"9,23%",94,4764,4980,357,"39,05%",-146,-8,"3,73%","7,17%","1,193297026","1,13","2 034,57142857","109,14285714","18 196,57142857","11,22%",61516,9484,"7319,857143",,,
2021-01-11,343656,1419,10725,203972,2852591,291081,,"0,41%","12,05%","0,44%",128959,"3,12%","59,35%",21979,12567,"11,29%",77,6036,5065,367,"37,53%",85,10,"3,93%","7,25%","1,215317682","1,15","2 115,00000000","106,85714286","18 745,14285714","11,44%",71000,9484,"8428,571429",,,
2021-01-12,344352,696,10853,209852,2860814,291920,,"0,20%","12,04%","0,29%",123647,"3,15%","60,94%",25532,8223,"8,46%",128,5880,5005,356,"35,91%",-60,-11,"4,05%","7,11%","1,204197531","1,17","2 090,14285714","110,42857143","18 988,28571429","10,74%",78579,7579,"9082,714286",,,
2021-01-13,345710,1358,10948,215453,2879364,293813,,"0,39%","12,01%","0,65%",119309,"3,17%","62,32%",25856,18550,"7,32%",95,5601,4870,339,"34,51%",-135,-17,"4,08%","6,96%","1,140449898","1,17","1 991,71428571","107,14285714","18 391,28571429","10,50%",86929,8350,"9418,428571",,,
2021-01-14,347636,1926,11066,220304,2898998,295816,,"0,56%","11,99%","0,68%",116266,"3,18%","63,37%",25646,19634,"9,81%",118,4851,4689,344,"33,44%",-181,5,"4,03%","7,34%","1,038792404","1,16","1 828,57142857","105,85714286","17 726,14285714","10,09%",96101,9172,"9228,714286",,,
2021-01-15,349149,1513,11177,225021,2918096,297765,,"0,44%","11,96%","0,66%",112951,"3,20%","64,45%",25678,19098,"7,92%",111,4717,4600,337,"32,35%",-89,-7,"4,07%","7,33%","0,9150421179","1,13","1 629,42857143","105,28571429","17 022,42857143","9,50%",105728,9627,"9025,571429",,,
2021-01-16,350587,1438,11264,227325,2936435,299636,,"0,41%","11,94%","0,63%",111998,"3,21%","64,84%",24874,18339,"7,84%",87,2304,4408,328,"31,95%",-192,-9,"3,94%","7,44%","0,7354585724","1,06","1 446,85714286","101,42857143","16 524,71428571","8,84%",112827,7099,8685,,,
2021-01-17,351828,1241,11341,228615,2953710,301399,,"0,35%","11,91%","0,59%",111872,"3,22%","64,98%",23083,17275,"7,18%",77,1290,4345,329,"31,80%",-63,1,"3,88%","7,57%","0,6734306979","0,99","1 370,14285714","99,00000000","16 240,85714286","8,55%",119944,7117,"8346,857143",,,
2021-01-18,352703,875,11409,230441,2963613,302409,,"0,25%","11,90%","0,34%",110853,"3,23%","65,34%",21648,9903,"8,84%",68,1826,4445,330,"31,43%",100,1,"4,01%","7,42%","0,6110773387","0,90","1 292,42857143","97,71428571","15 860,28571429","8,20%",123188,3244,"7455,428571",,,
2021-01-19,353276,573,11520,231915,2968743,302933,,"0,16%","11,90%","0,17%",109841,"3,26%","65,65%",18523,5130,"11,17%",111,1474,4445,309,"31,09%",0,-21,"4,05%","6,95%","0,6099378033","0,82","1 274,85714286","95,28571429","15 418,42857143","8,58%",129689,6501,"7301,428571",1643,1643,
2021-01-20,354252,976,11615,233232,2984748,304566,,"0,28%","11,87%","0,54%",109405,"3,28%","65,84%",20170,16005,"6,10%",95,1317,4218,294,"30,88%",-227,-15,"3,86%","6,97%","0,6126811074","0,74","1 220,28571429","95,28571429","15 054,85714286","8,41%",130318,629,"6198,428571",2939,1296,
2021-01-21,355662,1410,11713,235276,3000325,306156,,"0,40%","11,85%","0,52%",108673,"3,29%","66,15%",19932,15577,"9,05%",98,2044,4049,286,"30,56%",-169,-8,"3,73%","7,06%","0,62703125","0,68","1 146,57142857","92,42857143","14 475,28571429","8,30%",134554,4236,"5493,285714",4030,1091,
2021-01-22,356973,1311,11811,237362,3018389,307999,,"0,37%","11,83%","0,60%",107800,"3,31%","66,49%",19908,18064,"7,26%",98,2086,3959,274,"30,20%",-90,-12,"3,67%","6,92%","0,6859547607","0,65","1 117,71428571","90,57142857","14 327,57142857","8,21%",138983,4429,"4750,714286",5815,1785,
2021-01-23,358317,1344,11904,239880,3035627,309758,,"0,38%","11,80%","0,57%",106533,"3,32%","66,95%",20095,17238,"7,80%",93,2518,3854,259,"29,73%",-105,-15,"3,62%","6,72%","0,7632306477","0,65","1 104,28571429","91,42857143","14 170,28571429","8,20%",143184,4201,"4336,714286",6944,1129,
2021-01-24,359574,1257,11968,241472,3052068,311436,,"0,35%","11,78%","0,54%",106134,"3,33%","67,16%",18929,16441,"7,65%",64,1592,3793,254,"29,52%",-61,-5,"3,57%","6,70%","0,8076321551","0,67","1 106,57142857","89,57142857","14 051,14285714","8,26%",145257,2073,"3616,142857",8135,1191,
2021-01-25,360418,844,12024,243092,3062132,312462,,"0,23%","11,77%","0,33%",105302,"3,34%","67,45%",18141,10064,"8,39%",56,1620,3814,247,"29,22%",21,-7,"3,62%","6,48%","0,8527688737","0,71","1 102,14285714","87,85714286","14 074,14285714","8,20%",146695,1438,"3358,142857",9403,1268,"1343,285714"
2021-01-26,360877,459,12113,244681,3067663,313027,,"0,13%","11,76%","0,18%",104083,"3,36%","67,80%",18075,5531,"8,30%",89,1589,3815,263,"28,84%",1,16,"3,67%","6,89%","0,851748095","0,74","1 085,85714286","84,71428571","14 131,42857143","7,79%",149676,2981,"2855,285714",12639,3236,"1570,857143"
2021-01-27,361881,1004,12198,246596,3084716,314767,,"0,28%","11,73%","0,56%",103087,"3,37%","68,14%",17834,17053,"5,89%",85,1915,3809,255,"28,49%",-6,-8,"3,69%","6,69%","0,8931163662","0,78","1 089,85714286","83,28571429","14 281,14285714","7,76%",152704,3028,3198,17772,5133,2119
2021-01-28,363450,1569,12291,249003,3097809,316103,,"0,43%","11,73%","0,42%",102156,"3,38%","68,51%",19131,13093,"11,98%",93,2407,3669,255,"28,11%",-140,0,"3,59%","6,95%","0,9703463743","0,83","1 112,57142857","82,57142857","13 926,28571429","8,18%",161215,8511,"3808,714286",26293,8521,"3180,428571"
2021-01-29,364909,1459,12374,254783,3116784,318039,,"0,40%","11,71%","0,61%",97752,"3,39%","69,82%",17540,18975,"7,69%",83,5780,3649,258,"26,79%",-20,3,"3,73%","7,07%","1,014314928","0,88","1 133,71428571","80,42857143","14 056,42857143","8,24%",175283,14068,"5185,714286",37727,11434,"4558,857143"
2021-01-30,366279,1370,12463,259555,3138146,320219,,"0,38%","11,67%","0,69%",94261,"3,40%","70,86%",20147,21362,"6,41%",89,4772,3582,264,"25,73%",-67,6,"3,80%","7,37%","1,030012937","0,92","1 137,42857143","79,85714286","14 645,57142857","8,04%",198283,23000,"7871,285714",49606,11879,"6094,571429"
2021-01-31,367586,1307,12524,262968,3158288,322274,,"0,36%","11,64%","0,64%",92094,"3,41%","71,54%",19075,20142,"6,49%",61,3413,3562,268,"25,05%",-20,4,"3,87%","7,52%","1,034340305","0,95","1 144,57142857","79,42857143","15 174,28571429","7,88%",222005,23722,10964,56825,7219,"6955,714286"
2021-02-01,368710,1124,12578,264260,3169150,323383,,"0,31%","11,63%","0,34%",91872,"3,41%","71,67%",13810,10862,"10,35%",54,1292,3682,273,"24,92%",120,5,"4,01%","7,41%","1,074789371","0,98","1 184,57142857","79,14285714","15 288,28571429","8,16%",237872,15867,"13025,28571",61266,4441,7409
2021-02-02,369288,578,12656,268803,3176944,324178,,"0,16%","11,62%","0,25%",87829,"3,43%","72,79%",18030,7794,"7,42%",78,4543,3729,272,"23,78%",47,-1,"4,25%","7,29%","1,106564926","1,02","1 201,57142857","77,57142857","15 611,57142857","8,03%",243036,5164,"13337,14286",68526,7260,"7983,857143"
2021-02-03,370336,1048,12739,272284,3192378,325753,,"0,28%","11,60%","0,49%",85313,"3,44%","73,52%",18337,15434,"6,79%",83,3481,3697,269,"23,04%",-32,-3,"4,33%","7,28%","1,108271071","1,05","1 207,85714286","77,28571429","15 380,28571429","8,16%",247270,4234,"13509,42857",75036,6510,"8180,571429"
2021-02-04,371988,1652,12832,274308,3210549,327607,,"0,45%","11,59%","0,57%",84848,"3,45%","73,74%",19633,18171,"9,09%",93,2024,3648,289,"22,81%",-49,20,"4,30%","7,92%","1,096302003","1,07","1 219,71428571","77,28571429","16 105,71428571","7,75%",249687,2417,"12638,85714",84452,9416,"8308,428571"
2021-02-05,373564,1576,12930,275764,3229242,329514,,"0,42%","11,57%","0,58%",84870,"3,46%","73,82%",20254,18693,"8,43%",98,1456,3638,302,"22,72%",-10,13,"4,29%","8,30%","1,090599798","1,08","1 236,42857143","79,42857143","16 065,42857143","7,85%",264530,14843,"12749,57143",92773,8321,"7863,714286"
2021-02-06,375125,1561,13026,277949,3246838,331310,,"0,42%","11,55%","0,54%",84150,"3,47%","74,10%",18124,17596,"8,87%",96,2185,3601,298,"22,43%",-37,-4,"4,28%","8,28%","1,11102738","1,09","1 263,71428571","80,42857143","15 527,42857143","8,21%",279410,14880,"11589,57143",101652,8879,"7435,142857"
2021-02-07,376495,1370,13090,279763,3265862,333251,,"0,37%","11,53%","0,59%",83642,"3,48%","74,31%",19510,19024,"7,20%",64,1814,3578,291,"22,22%",-23,-7,"4,28%","8,13%","1,111957064","1,10","1 272,71428571","80,85714286","15 367,71428571","8,31%",286379,6969,"9196,285714",105242,3590,"6916,714286"
2021-02-08,377655,1160,13155,281839,3275582,334243,,"0,31%","11,53%","0,30%",82661,"3,48%","74,63%",15847,9720,"11,93%",65,2076,3717,295,"21,89%",139,4,"4,50%","7,94%","1,078750603","1,10","1 277,85714286","82,42857143","15 204,57142857","8,53%",289042,2663,7310,107592,2350,6618
2021-02-09,378734,1079,13249,283282,3281992,334897,,"0,29%","11,54%","0,20%",82203,"3,50%","74,80%",16850,6410,"16,83%",94,1443,3792,304,"21,70%",75,9,"4,61%","8,02%","1,123053145","1,10","1 349,42857143","84,71428571","15 006,85714286","9,88%",291396,2354,"6908,571429",110395,2803,"5981,285714"
2021-02-10,380013,1279,13347,285022,3298814,336614,,"0,34%","11,52%","0,51%",81644,"3,51%","75,00%",19414,16822,"7,60%",98,1740,3747,296,"21,48%",-45,-8,"4,59%","7,90%","1,144529864","1,11","1 382,42857143","86,85714286","15 205,14285714","10,00%",292627,1231,"6479,571429",113570,3175,"5504,857143"
2021-02-11,381875,1862,13444,287134,3318850,338658,,"0,49%","11,51%","0,61%",81297,"3,52%","75,19%",21456,20036,"9,29%",97,2112,3799,299,"21,29%",52,3,"4,67%","7,87%","1,157999532","1,12","1 412,42857143","87,42857143","15 471,57142857","10,02%",294624,1997,"6419,571429",117368,3798,"4702,285714"
2021-02-12,383735,1860,13543,289520,3338289,340642,,"0,49%","11,49%","0,59%",80672,"3,53%","75,45%",22525,19439,"9,57%",99,2386,3828,299,"21,02%",29,0,"4,75%","7,81%","1,175158868","1,13","1 453,00000000","87,57142857","15 578,14285714","10,19%",310448,15824,"6559,714286",120649,3281,"3982,285714"
2021-02-13,385755,2020,13636,293542,3357672,342620,,"0,53%","11,49%","0,58%",78577,"3,53%","76,10%",20794,19383,"10,42%",93,4022,3771,299,"20,37%",-57,0,"4,80%","7,93%","1,201673073","1,14","1 518,57142857","87,14285714","15 833,42857143","10,41%",330745,20297,"7333,571429",124423,3774,3253
2021-02-14,387462,1707,13706,296173,3377187,344611,,"0,44%","11,47%","0,58%",77583,"3,54%","76,44%",19927,19515,"8,75%",70,2631,3755,312,"20,02%",-16,13,"4,84%","8,31%","1,231002357","1,16","1 566,71428571","88,00000000","15 903,57142857","10,63%",335188,4443,"6972,714286",128195,3772,3279
2021-02-15,388799,1337,13752,298008,3388457,345761,,"0,35%","11,47%","0,33%",77039,"3,54%","76,65%",20718,11270,"11,86%",46,1835,3883,314,"19,81%",128,2,"5,04%","8,09%","1,245835662","1,18","1 592,00000000","85,28571429","16 125,00000000","10,62%",336297,1109,"6750,714286",129339,1144,"3106,714286"
2021-02-16,389622,823,13837,298773,3394684,346396,,"0,21%","11,48%","0,18%",77012,"3,55%","76,68%",20224,6227,"13,22%",85,765,3979,318,"19,77%",96,4,"5,17%","7,99%","1,152657209","1,19","1 555,42857143","84,00000000","16 098,85714286","10,10%",341958,5661,"7223,142857",131593,2254,"3028,285714"
2021-02-17,391170,1548,13931,299989,3414023,348370,,"0,40%","11,46%","0,57%",77250,"3,56%","76,69%",18205,19339,"8,00%",94,1216,4014,321,"19,75%",35,3,"5,20%","8,00%","1,152939961","1,19","1 593,85714286","83,42857143","16 458,42857143","10,16%",348927,6969,"8042,857143",134824,3231,"3036,285714"
2021-02-18,394023,2853,14035,301363,3434878,350498,,"0,73%","11,47%","0,61%",78625,"3,56%","76,48%",22893,20855,"13,68%",104,1374,4021,332,"19,95%",7,11,"5,11%","8,26%","1,228684131","1,20","1 735,42857143","84,42857143","16 575,42857143","10,79%",365021,16094,"10056,71429",141023,6199,"3379,285714"
2021-02-19,397116,3093,14145,302689,3457538,352810,,"0,78%","11,49%","0,66%",80282,"3,56%","76,22%",25536,22660,"13,65%",110,1326,4024,352,"20,22%",3,20,"5,01%","8,75%","1,315603186","1,22","1 911,57142857","86,00000000","17 035,57142857","11,37%",391821,26800,"11624,71429",152432,11409,"4540,428571"
2021-02-20,400111,2995,14252,304680,3480444,355147,,"0,75%","11,50%","0,66%",81179,"3,56%","76,15%",26068,22906,"13,08%",107,1991,4147,351,"20,29%",123,-1,"5,11%","8,46%","1,350517404","1,24","2 050,85714286","88,00000000","17 538,85714286","11,75%",427309,35488,"13794,85714",172739,20307,"6902,285714"
2021-02-21,403023,2912,14299,306621,3503611,357511,,"0,73%","11,50%","0,67%",82103,"3,55%","76,08%",27179,23167,"12,57%",47,1941,4233,366,"20,37%",86,15,"5,16%","8,65%","1,418893043","1,27","2 223,00000000","84,71428571","18 060,57142857","12,29%",445535,18226,"15763,85714",190705,17966,8930
2021-02-22,405646,2623,14347,308650,3519536,359136,,"0,65%","11,53%","0,45%",82649,"3,54%","76,09%",25589,15925,"16,47%",48,2029,4489,394,"20,37%",256,28,"5,43%","8,78%","1,511755205","1,30","2 406,71428571","85,00000000","18 725,57142857","12,95%",453457,7922,"16737,14286",201005,10300,10238
2021-02-23,407274,1628,14450,310848,3528862,360088,,"0,40%","11,54%","0,26%",81976,"3,55%","76,32%",26549,9326,"17,46%",103,2198,4582,396,"20,13%",93,2,"5,59%","8,64%","1,621234386","1,37","2 521,71428571","87,57142857","19 168,28571429","13,56%",457096,3639,"16448,28571",205720,4715,"10589,57143"
2021-02-24,410129,2855,14552,313450,3552261,362476,,"0,70%","11,55%","0,66%",82127,"3,55%","76,43%",27737,23399,"12,20%",102,2602,4353,407,"20,02%",-229,11,"5,30%","9,35%","1,699291924","1,45","2 708,42857143","88,71428571","19 748,28571429","14,16%",471004,13908,"17439,57143",208846,3126,"10574,57143"
2021-02-25,414514,4385,14672,315781,3577770,365079,,"1,07%","11,59%","0,72%",84061,"3,54%","76,18%",29389,25509,"17,19%",120,2331,4836,411,"20,28%",483,4,"5,75%","8,50%","1,686779717","1,51","2 927,28571429","91,00000000","20 413,14285714","14,66%",508073,37069,20436,211073,2227,"10007,14286"
2021-02-26,419182,4668,14795,317899,3604898,367847,,"1,13%","11,63%","0,76%",86488,"3,53%","75,84%",35303,27128,"17,21%",123,2118,5027,451,"20,63%",191,40,"5,81%","8,97%","1,64905463","1,56","3 152,28571429","92,85714286","21 051,42857143","15,17%",521283,13210,"18494,57143",240622,29549,"12598,57143"
2021-02-27,424130,4948,14902,319691,3632712,370685,,"1,18%","11,68%","0,77%",89537,"3,51%","75,38%",37658,27814,"17,79%",107,1792,5282,482,"21,11%",255,31,"5,90%","9,13%","1,673098356","1,61","3 431,28571429","92,85714286","21 752,57142857","15,84%",563601,42318,"19470,28571",244407,3785,"10238,28571"
2021-02-28,428599,4469,14974,321128,3660342,373504,,"1,05%","11,71%","0,76%",92497,"3,49%","74,93%",33353,27630,"16,17%",72,1437,5482,524,"21,58%",200,42,"5,93%","9,56%","1,64359617","1,64","3 653,71428571","96,42857143","22 390,14285714","16,36%",677682,114081,"33163,85714",249499,5092,"8399,142857"
2021-03-01,432925,4326,15058,322956,3680572,375569,,"1,01%","11,76%","0,55%",94911,"3,48%","74,60%",34716,20230,"21,38%",84,1828,5679,537,"21,92%",197,13,"5,98%","9,46%","1,619220039","1,66","3 897,00000000","101,57142857","23 005,14285714","17,06%",685247,7565,"33112,85714",251691,2192,"7240,857143"
2021-03-02,435689,2764,15188,324202,3693390,376877,,"0,64%","11,80%","0,35%",96299,"3,49%","74,41%",35023,12818,"21,56%",130,1246,6071,581,"22,10%",392,44,"6,30%","9,57%","1,609732608","1,65","4 059,28571429","105,42857143","23 504,00000000","17,64%",721677,36430,"37797,28571",252847,1156,"6732,428571"
2021-03-03,439900,4211,15324,326215,3719113,379501,,"0,97%","11,83%","0,70%",98361,"3,48%","74,16%",37005,25723,"16,37%",136,2013,6367,622,"22,36%",296,41,"6,47%","9,77%","1,570283243","1,64","4 253,00000000","110,28571429","23 836,00000000","18,24%",758037,36360,"41004,71429",253368,521,"6360,285714"
2021-03-04,446178,6278,15476,328136,3749907,382644,,"1,43%","11,90%","0,83%",102566,"3,47%","73,54%",41440,30794,"20,39%",152,1921,6554,639,"22,99%",187,17,"6,39%","9,75%","1,545263774","1,62","4 523,42857143","114,85714286","24 591,00000000","18,70%",785440,27403,"39623,85714",267153,13785,"8011,428571"
2021-03-05,452547,6369,15619,331557,3781181,385835,,"1,43%","11,97%","0,83%",105371,"3,45%","73,26%",45164,31274,"20,37%",143,3421,6867,677,"23,28%",313,38,"6,52%","9,86%","1,512054745","1,60","4 766,42857143","117,71428571","25 183,28571429","19,15%",862953,77513,48810,279727,12574,"5586,428571"
2021-03-06,459816,7269,15765,333045,3816852,389475,,"1,61%","12,05%","0,94%",111006,"3,43%","72,43%",46620,35671,"20,38%",146,1488,7243,751,"24,14%",376,74,"6,52%","10,37%","1,485740455","1,57","5 098,00000000","123,28571429","26 305,71428571","19,52%",949497,86544,55128,304880,25153,8639
2021-03-07,466017,6201,15873,335512,3850623,392921,,"1,35%","12,10%","0,88%",114632,"3,41%","72,00%",44217,33771,"18,36%",108,2467,7445,778,"24,60%",202,27,"6,49%","10,45%","1,463012199","1,54","5 345,42857143","128,42857143","27 183,00000000","19,83%",981401,31904,"43388,42857",307573,2693,"8296,285714"
2021-03-08,468713,2696,15988,336744,3874513,395358,,"0,58%","12,10%","0,62%",115981,"3,41%","71,84%",37343,23890,"11,29%",115,1232,7924,806,"24,74%",479,28,"6,83%","10,17%","1,311924924","1,50","5 112,57142857","132,85714286","27 705,85714286","18,39%",1002714,21313,"45352,42857",307929,356,8034
2021-03-09,475207,6494,16146,338946,3891778,397120,,"1,39%","12,21%","0,45%",120115,"3,40%","71,33%",40869,17265,"37,61%",158,2202,8270,833,"25,28%",346,27,"6,89%","10,07%","1,390744325","1,47","5 645,42857143","136,85714286","28 341,14285714","20,68%",1047045,44331,"46481,14286",314485,6556,"8805,428571"
2021-03-10,480860,5653,16325,340844,3922530,400258,,"1,19%","12,26%","0,79%",123691,"3,39%","70,88%",42362,30752,"18,38%",179,1898,8348,844,"25,72%",78,11,"6,75%","10,11%","1,375835545","1,44","5 851,42857143","143,00000000","29 059,57142857","20,97%",1107791,60746,"49964,85714",317906,3421,"9219,714286"
2021-03-11,489172,8312,16497,344267,3955994,403673,,"1,73%","12,37%","0,85%",128408,"3,37%","70,38%",46302,33464,"24,84%",172,3423,8329,911,"26,25%",-19,67,"6,49%","10,94%","1,357819606","1,41","6 142,00000000","145,85714286","29 441,00000000","21,60%",1149557,41766,"52016,71429",327428,9522,"8610,714286"
2021-03-12,498183,9011,16627,346904,3992790,407428,,"1,84%","12,48%","0,93%",134652,"3,34%","69,63%",48677,36796,"24,49%",130,2637,8718,949,"27,03%",389,38,"6,47%","10,89%","1,367780608","1,39","6 519,42857143","144,00000000","30 229,85714286","22,19%",1229827,80270,"52410,57143",351694,24266,10281
2021-03-13,507627,9444,16790,349530,4034635,411697,,"1,90%","12,58%","1,05%",141307,"3,31%","68,86%",46249,41845,"22,57%",163,2626,8897,989,"27,84%",179,40,"6,30%","11,12%","1,339769097","1,37","6 830,14285714","146,42857143","31 111,85714286","22,51%",1293414,63587,49131,377343,25649,"10351,85714"